country,lid
US,00AA
US,00AK
US,00AL
US,00AN
US,00AR
US,00AS
US,00CA
US,00CL
US,00FA
US,00FL
US,00GA
US,00ID
US,00IG
US,00IL
US,00IS
US,00KS
US,00KY
US,00LS
US,00MD
US,00MN
US,00NC
US,00NY
US,00OK
US,00PN
US,00SC
US,00SD
US,00TS
US,00TT
US,00TX
US,00VA
US,00VI
US,00WA
US,00WI
US,00WN
US,00WV
US,00XA
US,01AL
US,01AN
US,01CL
US,01CN
US,01FA
US,01FL
US,01GE
US,01ID
US,01IS
US,01LA
US,01MT
US,01NC
US,01NH
US,01NK
US,01NM
US,01NV
US,01OL
US,01PA
US,01PS
US,01SC
US,01TE
US,01TN
US,01TS
US,01VA
US,01WY
US,02AA
US,02AK
US,02AL
US,02AR
US,02CD
US,02CO
US,02FA
US,02FD
US,02GA
US,02GE
US,02ID
US,02IN
US,02KS
US,02MD
US,02ME
US,02MI
US,02MN
US,02MO
US,02MS
US,02MT
US,02NV
US,02OK
US,02PR
US,02SC
US,02TN
US,02TS
US,02UT
US,02VA
US,02WA
US,02WI
US,02WN
US,02XA
US,02XS
US,03AZ
US,03FA
US,03GA
US,03IA
US,03ID
US,03IL
US,03KY
US,03MA
US,03ME
US,03MN
US,03MO
US,03MU
US,03NC
US,03ND
US,03NV
US,03NY
US,03OH
US,03OK
US,03OL
US,03OR
US,03PR
US,03TE
US,03TT
US,03UT
US,03WA
US,03WN
US,03XS
US,04AA
US,04AN
US,04AZ
US,04CA
US,04CL
US,04FA
US,04FL
US,04IA
US,04ID
US,04IL
US,04IS
US,04KS
US,04KY
US,04MA
US,04ME
US,04MI
US,04MN
US,04MS
US,04MT
US,04NE
US,04NJ
US,04NV
US,04NY
US,04OR
US,04TN
US,04TT
US,04TX
US,04UT
US,04VT
US,04WA
US,04WI
US,04WN
US,04XA
US,05AK
US,05AN
US,05AR
US,05CL
US,05CO
US,05FA
US,05FL
US,05GA
US,05IA
US,05ID
US,05IL
US,05IN
US,05KS
US,05KT
US,05KY
US,05LA
US,05LS
US,05MD
US,05ME
US,05MO
US,05MT
US,05NC
US,05NE
US,05NV
US,05OH
US,05OK
US,05OR
US,05PS
US,05TA
US,05TE
US,05TS
US,05TX
US,05VA
US,05WI
US,05WN
US,05XS
US,06AA
US,06AK
US,06AN
US,06AR
US,06CO
US,06FA
US,06FD
US,06IA
US,06ID
US,06IL
US,06IS
US,06MO
US,06MT
US,06NC
US,06NH
US,06NV
US,06NY
US,06OH
US,06OI
US,06PA
US,06TA
US,06TE
US,06TN
US,06TS
US,06TT
US,06TX
US,06VA
US,06WI
US,06WN
US,06XA
US,06XS
US,07AA
US,07AN
US,07AR
US,07CL
US,07CO
US,07FA
US,07GA
US,07GE
US,07IA
US,07ID
US,07IN
US,07KS
US,07KY
US,07LA
US,07MD
US,07MO
US,07MT
US,07NC
US,07NV
US,07OK
US,07PA
US,07PN
US,07TA
US,07TS
US,07UT
US,07VA
US,07VT
US,08AK
US,08AR
US,08CL
US,08CO
US,08FA
US,08FD
US,08FL
US,08GA
US,08ID
US,08IL
US,08KS
US,08KY
US,08LL
US,08LS
US,08ME
US,08MO
US,08MS
US,08MT
US,08NC
US,08ND
US,08NR
US,08NY
US,08OH
US,08OK
US,08OL
US,08OR
US,08TN
US,08TS
US,08TT
US,08TX
US,08WA
US,08WI
US,08XA
US,08XS
US,09AK
US,09AZ
US,09CL
US,09CO
US,09FA
US,09FD
US,09GA
US,09GE
US,09IA
US,09ID
US,09IN
US,09KS
US,09LL
US,09ME
US,09MO
US,09NC
US,09NE
US,09NR
US,09OK
US,09PA
US,09TA
US,09TS
US,09VA
US,09WI
US,0AA1
US,0AA4
US,0AA5
US,0AA7
US,0AK0
US,0AK1
US,0AK2
US,0AK3
US,0AK5
US,0AK6
US,0AK7
US,0AK8
US,0AK9
US,0AL1
US,0AL5
US,0AL9
US,0AR2
US,0AR3
US,0AZ2
US,0AZ4
US,0AZ5
US,0CA0
US,0CA4
US,0CA5
US,0CA6
US,0CA9
US,0CD2
US,0CD5
US,0CD7
US,0CL0
US,0CL1
US,0CL3
US,0CN1
US,0CN2
US,0CO1
US,0CO2
US,0CO5
US,0CO6
US,0CO9
US,0FA1
US,0FD0
US,0FD3
US,0FD4
US,0FD5
US,0FD9
US,0FL0
US,0FL9
US,0GA0
US,0GA1
US,0GA2
US,0GA3
US,0GA6
US,0GA8
US,0GA9
US,0GE0
US,0GE1
US,0GE3
US,0GE4
US,0GE5
US,0GE7
US,0GE9
US,0IA4
US,0IA5
US,0IA8
US,0ID0
US,0ID1
US,0ID2
US,0ID3
US,0ID4
US,0ID7
US,0ID8
US,0ID9
US,0II0
US,0II7
US,0II8
US,0II9
US,0IL2
US,0IL7
US,0IL9
US,0IN1
US,0IN4
US,0IN5
US,0IN9
US,0IS3
US,0KS0
US,0KS2
US,0KS4
US,0KS5
US,0KS6
US,0KS7
US,0KS8
US,0KS9
US,0KY0
US,0KY1
US,0KY5
US,0KY7
US,0LA1
US,0LA3
US,0LA9
US,0LL0
US,0LL1
US,0LL3
US,0LL4
US,0LL5
US,0LL6
US,0LS0
US,0LS5
US,0LS7
US,0MD1
US,0MD2
US,0MD6
US,0ME4
US,0MI4
US,0MO0
US,0MO1
US,0MO3
US,0MO6
US,0MO8
US,0MS0
US,0MS2
US,0MS7
US,0MS8
US,0MS9
US,0MT4
US,0MT5
US,0MT6
US,0MT7
US,0MT9
US,0MU1
US,0MU7
US,0MU9
US,0NA1
US,0NA9
US,0NC1
US,0NC7
US,0NC8
US,0ND0
US,0ND6
US,0NE0
US,0NE1
US,0NE9
US,0NJ6
US,0NK0
US,0NK2
US,0NK3
US,0NM0
US,0NM7
US,0NY0
US,0NY1
US,0NY3
US,0NY7
US,0NY8
US,0OH5
US,0OH8
US,0OI6
US,0OI9
US,0OK1
US,0OK2
US,0OK3
US,0OK4
US,0OK5
US,0OK6
US,0OK8
US,0OR3
US,0OR6
US,0OR7
US,0OR8
US,0PA2
US,0PA3
US,0PA5
US,0PA6
US,0PN0
US,0PN4
US,0PN5
US,0PN6
US,0PN7
US,0PN8
US,0PS0
US,0PS3
US,0PS4
US,0PS7
US,0SD0
US,0SD1
US,0SD3
US,0SD7
US,0TA2
US,0TA4
US,0TA8
US,0TE0
US,0TE4
US,0TE5
US,0TE7
US,0TN0
US,0TN2
US,0TN5
US,0TN6
US,0TS0
US,0TS1
US,0TS4
US,0TS5
US,0TS7
US,0TS9
US,0TX0
US,0TX1
US,0TX4
US,0TX5
US,0TX6
US,0TX7
US,0VA0
US,0VA1
US,0VA2
US,0VA3
US,0VA4
US,0VA9
US,0VI1
US,0WA1
US,0WA2
US,0WI1
US,0WI2
US,0WI4
US,0WI7
US,0WI8
US,0WI9
US,0WN0
US,0WN1
US,0WN2
US,0WS7
US,0WY0
US,0WY1
US,0XA0
US,0XA4
US,0XA5
US,0XA7
US,0XS2
US,0XS6
US,0XS7
US,0XS8
US,0XS9
US,10AK
US,10AR
US,10AZ
US,10CO
US,10FA
US,10FD
US,10GA
US,10IA
US,10ID
US,10IN
US,10LA
US,10LS
US,10MO
US,10NC
US,10ND
US,10OH
US,10OK
US,10TE
US,10TN
US,10TS
US,10TT
US,10VA
US,10WI
US,10WY
US,10XA
US,10XS
US,11AK
US,11AZ
US,11CL
US,11FA
US,11FL
US,11IA
US,11IN
US,11KS
US,11LL
US,11LS
US,11MA
US,11MD
US,11MO
US,11MT
US,11NK
US,11NY
US,11OA
US,11PN
US,11TE
US,11TN
US,11TS
US,11UT
US,11VG
US,11WA
US,11WY
US,11XA
US,12AR
US,12AZ
US,12CL
US,12CN
US,12CO
US,12IA
US,12ID
US,12IL
US,12IN
US,12KS
US,12KY
US,12LA
US,12LS
US,12ME
US,12MI
US,12MT
US,12NC
US,12ND
US,12NE
US,12NH
US,12NK
US,12NY
US,12OH
US,12OK
US,12OR
US,12SC
US,12TN
US,12TS
US,12TT
US,12TX
US,12VA
US,12WA
US,12WV
US,12WY
US,12XA
US,12XS
US,13AK
US,13FA
US,13GA
US,13GE
US,13IN
US,13KS
US,13KY
US,13ME
US,13MO
US,13MS
US,13MT
US,13NC
US,13NE
US,13NM
US,13NR
US,13OR
US,13PA
US,13TE
US,13TS
US,13TX
US,13WA
US,13WI
US,13XA
US,14AK
US,14AZ
US,14IA
US,14ID
US,14KS
US,14KY
US,14LA
US,14MO
US,14MS
US,14MT
US,14NC
US,14ND
US,14NK
US,14OH
US,14TS
US,14TT
US,14TX
US,14VA
US,14VG
US,14WA
US,14WS
US,14XA
US,14XS
US,15AK
US,15AR
US,15CL
US,15FL
US,15IA
US,15ID
US,15IL
US,15IN
US,15LL
US,15MA
US,15ME
US,15MN
US,15MO
US,15MT
US,15NC
US,15NE
US,15OK
US,15TA
US,15TX
US,15UT
US,15VA
US,15WA
US,15WI
US,15XA
US,15XS
US,16AK
US,16AR
US,16AZ
US,16CO
US,16FA
US,16FD
US,16FL
US,16IA
US,16IL
US,16IS
US,16KS
US,16LS
US,16MD
US,16MI
US,16MO
US,16MT
US,16NC
US,16ND
US,16NE
US,16NY
US,16OI
US,16OK
US,16TA
US,16TE
US,16TT
US,16TX
US,16VA
US,16WA
US,16XS
US,17AR
US,17CL
US,17CO
US,17FA
US,17FL
US,17GA
US,17ID
US,17II
US,17IN
US,17KS
US,17KY
US,17LS
US,17ME
US,17MO
US,17MT
US,17MU
US,17NC
US,17NK
US,17NR
US,17OH
US,17OI
US,17OK
US,17OR
US,17PS
US,17SD
US,17TE
US,17TN
US,17TX
US,17WI
US,17XA
US,17XS
US,18AA
US,18AR
US,18AZ
US,18CL
US,18FD
US,18GA
US,18HI
US,18II
US,18IN
US,18JY
US,18KS
US,18ME
US,18MI
US,18MN
US,18MO
US,18MS
US,18MT
US,18NC
US,18ND
US,18NV
US,18NY
US,18OI
US,18OR
US,18PA
US,18PN
US,18SC
US,18SD
US,18TE
US,18TX
US,18WV
US,18XA
US,19AK
US,19AR
US,19AZ
US,19GA
US,19IA
US,19IN
US,19KY
US,19LA
US,19LL
US,19MO
US,19MS
US,19MT
US,19NC
US,19NE
US,19NK
US,19NY
US,19OR
US,19PA
US,19PN
US,19SC
US,19TA
US,19TN
US,19TS
US,19VA
US,19WA
US,19WI
US,19XS
US,1AA0
US,1AK1
US,1AK2
US,1AK4
US,1AK6
US,1AK8
US,1AL2
US,1AL4
US,1AL5
US,1AL8
US,1AR1
US,1AR2
US,1AR4
US,1AR5
US,1AR6
US,1AR9
US,1AZ0
US,1AZ6
US,1AZ8
US,1CA6
US,1CD1
US,1CD2
US,1CD4
US,1CL1
US,1CL2
US,1CO2
US,1CO3
US,1CO4
US,1CO5
US,1CO8
US,1DE5
US,1FA1
US,1FA3
US,1FA9
US,1FD4
US,1GA0
US,1GA2
US,1GA6
US,1GA8
US,1GA9
US,1GE2
US,1GE3
US,1GE5
US,1GE6
US,1GE7
US,1GE9
US,1ID3
US,1ID4
US,1ID7
US,1ID9
US,1II0
US,1II5
US,1IL0
US,1IL1
US,1IL4
US,1IL9
US,1IN1
US,1IN3
US,1IN4
US,1IN5
US,1IN6
US,1IN9
US,1IS2
US,1IS3
US,1IS4
US,1JY2
US,1KS1
US,1KS2
US,1KS3
US,1KS4
US,1KS6
US,1KS8
US,1KS9
US,1KY7
US,1LA1
US,1LA3
US,1LA4
US,1LA5
US,1LL2
US,1LL4
US,1LL5
US,1LL7
US,1LL8
US,1LS8
US,1MA5
US,1MD1
US,1MD8
US,1MI3
US,1MI4
US,1MI5
US,1MI6
US,1MN0
US,1MN2
US,1MN5
US,1MN8
US,1MO2
US,1MO3
US,1MO4
US,1MO6
US,1MO8
US,1MS2
US,1MS8
US,1MT0
US,1MT3
US,1MT4
US,1MT6
US,1MT7
US,1MT9
US,1MU0
US,1MU2
US,1MU8
US,1MY1
US,1NA5
US,1NA8
US,1NC0
US,1NC2
US,1NC3
US,1NC4
US,1NC5
US,1NC6
US,1NC8
US,1ND4
US,1NE2
US,1NE5
US,1NK6
US,1NK7
US,1NK8
US,1NM0
US,1NR7
US,1NV1
US,1NY3
US,1OA1
US,1OA2
US,1OA4
US,1OH1
US,1OH2
US,1OH3
US,1OH9
US,1OI6
US,1OK0
US,1OK1
US,1OK2
US,1OK3
US,1OK6
US,1OK7
US,1OK8
US,1OK9
US,1OL2
US,1OR0
US,1OR3
US,1OR5
US,1OR7
US,1PA0
US,1PA3
US,1PA4
US,1PN1
US,1PN7
US,1PS0
US,1PS9
US,1SC1
US,1SC2
US,1SC3
US,1SD0
US,1SD1
US,1SD3
US,1SD4
US,1SD5
US,1SD6
US,1TA1
US,1TA2
US,1TA4
US,1TA7
US,1TA8
US,1TE0
US,1TE1
US,1TE4
US,1TE5
US,1TE7
US,1TE8
US,1TE9
US,1TN0
US,1TN3
US,1TN8
US,1TN9
US,1TS1
US,1TS6
US,1TS8
US,1TS9
US,1TT8
US,1TX0
US,1TX3
US,1TX4
US,1TX5
US,1TX6
US,1TX9
US,1VA0
US,1VA1
US,1VA3
US,1VA8
US,1VG2
US,1VT8
US,1WA2
US,1WA6
US,1WI3
US,1WI6
US,1WI7
US,1WI8
US,1WI9
US,1WN0
US,1WN1
US,1WN3
US,1XA1
US,1XA4
US,1XA5
US,1XA6
US,1XA7
US,1XA8
US,1XS0
US,1XS1
US,1XS2
US,1XS4
US,1XS8
US,20AK
US,20AR
US,20CL
US,20FD
US,20FL
US,20GA
US,20IA
US,20ID
US,20IN
US,20IS
US,20KS
US,20KT
US,20KY
US,20LS
US,20MS
US,20MT
US,20NC
US,20NY
US,20OH
US,20OR
US,20SD
US,20TA
US,20TN
US,20TS
US,20TT
US,20VA
US,20VG
US,20WA
US,20WI
US,20XS
US,21AK
US,21AR
US,21AZ
US,21FA
US,21FL
US,21GE
US,21IN
US,21LA
US,21LS
US,21ME
US,21MO
US,21MS
US,21MT
US,21MU
US,21ND
US,21NH
US,21NK
US,21OG
US,21OI
US,21TX
US,21VA
US,21XS
US,22CL
US,22CO
US,22FA
US,22GA
US,22ID
US,22II
US,22IL
US,22IN
US,22LA
US,22LS
US,22MD
US,22MS
US,22MT
US,22NC
US,22OG
US,22OK
US,22OR
US,22TA
US,22UT
US,22WN
US,22WY
US,22XA
US,22XS
US,23AK
US,23AR
US,23AZ
US,23CD
US,23CO
US,23DE
US,23FL
US,23GE
US,23ID
US,23IS
US,23JY
US,23KS
US,23KY
US,23LA
US,23MI
US,23MN
US,23MO
US,23MS
US,23MT
US,23MU
US,23ND
US,23NH
US,23NJ
US,23NK
US,23NR
US,23NY
US,23PA
US,23TA
US,23TS
US,23VA
US,23VG
US,23WN
US,23XA
US,23XS
US,24AK
US,24AR
US,24AZ
US,24CL
US,24CT
US,24FL
US,24IA
US,24ID
US,24IN
US,24KS
US,24LL
US,24ME
US,24MO
US,24MT
US,24NC
US,24NE
US,24NJ
US,24OI
US,24SC
US,24TA
US,24VA
US,24XA
US,25AA
US,25AK
US,25AR
US,25AZ
US,25CA
US,25CD
US,25CL
US,25CO
US,25FL
US,25GA
US,25IA
US,25IL
US,25IN
US,25KS
US,25LA
US,25MD
US,25MI
US,25MO
US,25MT
US,25NC
US,25ND
US,25NH
US,25NK
US,25NM
US,25NV
US,25OH
US,25OK
US,25SC
US,25TA
US,25TS
US,25TX
US,25VA
US,25VG
US,25WA
US,25WN
US,25XA
US,25XS
US,26AL
US,26AR
US,26AZ
US,26CA
US,26CL
US,26FD
US,26ID
US,26IN
US,26IS
US,26MA
US,26MI
US,26MN
US,26MT
US,26NC
US,26NV
US,26OG
US,26OH
US,26OK
US,26WI
US,26XS
US,27AK
US,27AL
US,27AZ
US,27CA
US,27CL
US,27FA
US,27GA
US,27IA
US,27ID
US,27IS
US,27KS
US,27LL
US,27MD
US,27MI
US,27MN
US,27MO
US,27MS
US,27MT
US,27ND
US,27NE
US,27NK
US,27NR
US,27OH
US,27OK
US,27TX
US,27WA
US,27WI
US,27WV
US,27XS
US,28AK
US,28AL
US,28AR
US,28AZ
US,28CA
US,28FL
US,28ID
US,28II
US,28KY
US,28MA
US,28MI
US,28MN
US,28MO
US,28MT
US,28NK
US,28NR
US,28NY
US,28OH
US,28OK
US,28OR
US,28PA
US,28TA
US,28TE
US,28TT
US,28TX
US,28WA
US,28WI
US,28XS
US,29AK
US,29AZ
US,29CN
US,29GA
US,29IA
US,29IN
US,29KY
US,29MI
US,29MN
US,29MO
US,29MT
US,29NC
US,29NH
US,29OH
US,29OK
US,29OR
US,29PA
US,29SC
US,29TX
US,29VA
US,29WI
US,2AK0
US,2AK1
US,2AK2
US,2AK4
US,2AK5
US,2AK6
US,2AK8
US,2AK9
US,2AL1
US,2AL3
US,2AL5
US,2AL6
US,2AL7
US,2AL8
US,2AR0
US,2AR1
US,2AR2
US,2AR4
US,2AR5
US,2AR7
US,2AR8
US,2AZ1
US,2AZ4
US,2AZ9
US,2CA2
US,2CA3
US,2CA4
US,2CA8
US,2CD3
US,2CD4
US,2CD6
US,2CD9
US,2CL1
US,2CL3
US,2CL9
US,2CN3
US,2CN4
US,2CN8
US,2CO1
US,2CO2
US,2CO3
US,2CO5
US,2DE2
US,2DE3
US,2DE8
US,2FA1
US,2FA2
US,2FA3
US,2FA4
US,2FA5
US,2FA6
US,2FA7
US,2FA9
US,2FD0
US,2FD1
US,2FD2
US,2FD6
US,2FL0
US,2FL3
US,2FL8
US,2GA0
US,2GA1
US,2GA2
US,2GA5
US,2GA7
US,2GA8
US,2GA9
US,2GE7
US,2GE8
US,2IA7
US,2IA9
US,2ID2
US,2ID3
US,2ID5
US,2ID6
US,2II0
US,2II3
US,2II6
US,2IL0
US,2IL1
US,2IL2
US,2IL7
US,2IL9
US,2IN0
US,2IN2
US,2IN3
US,2IN4
US,2IN6
US,2IS3
US,2IS4
US,2IS9
US,2KS2
US,2KS3
US,2KS4
US,2KS5
US,2KS6
US,2KS8
US,2KS9
US,2KT4
US,2KY3
US,2KY4
US,2KY5
US,2LA0
US,2LA4
US,2LA5
US,2LA6
US,2LA7
US,2LA8
US,2LL1
US,2LL2
US,2LL3
US,2LL7
US,2LL9
US,2LS3
US,2MD0
US,2MD1
US,2MD3
US,2MD4
US,2MD6
US,2MD8
US,2ME3
US,2MI0
US,2MI3
US,2MI5
US,2MI6
US,2MI9
US,2MN0
US,2MN1
US,2MN2
US,2MN4
US,2MN6
US,2MN7
US,2MN8
US,2MO0
US,2MO1
US,2MO2
US,2MO4
US,2MO6
US,2MO7
US,2MO9
US,2MS3
US,2MS8
US,2MT0
US,2MT1
US,2MT2
US,2MT5
US,2MT8
US,2MT9
US,2MU9
US,2MY2
US,2MY4
US,2NA0
US,2NC0
US,2NC1
US,2NC4
US,2NC6
US,2NC7
US,2NC8
US,2ND0
US,2ND1
US,2ND2
US,2ND3
US,2ND5
US,2ND9
US,2NE0
US,2NE3
US,2NE6
US,2NE7
US,2NE8
US,2NH5
US,2NJ1
US,2NJ3
US,2NJ5
US,2NK3
US,2NK9
US,2NM9
US,2NR2
US,2NV2
US,2NY0
US,2NY7
US,2NY9
US,2OA1
US,2OA2
US,2OA4
US,2OA5
US,2OA6
US,2OG4
US,2OH0
US,2OH4
US,2OH6
US,2OH7
US,2OH8
US,2OI4
US,2OK0
US,2OK1
US,2OK2
US,2OK3
US,2OK4
US,2OK6
US,2OK7
US,2OK9
US,2OR0
US,2OR1
US,2OR3
US,2OR4
US,2OR6
US,2PA1
US,2PA2
US,2PA3
US,2PA4
US,2PA6
US,2PA7
US,2PA8
US,2PN1
US,2PN5
US,2PN7
US,2PS3
US,2SC5
US,2SC7
US,2SC8
US,2SD0
US,2SD3
US,2SD4
US,2SD7
US,2SD9
US,2TA0
US,2TA1
US,2TA3
US,2TA4
US,2TA8
US,2TA9
US,2TE0
US,2TE2
US,2TE4
US,2TE5
US,2TE6
US,2TE7
US,2TE8
US,2TN2
US,2TN3
US,2TN4
US,2TN7
US,2TN8
US,2TS2
US,2TS3
US,2TS5
US,2TS8
US,2TS9
US,2TX0
US,2TX1
US,2TX3
US,2TX4
US,2TX5
US,2TX6
US,2TX7
US,2TX8
US,2TX9
US,2UT2
US,2UT3
US,2UT5
US,2VA1
US,2VA2
US,2VA3
US,2VA5
US,2VA6
US,2VA8
US,2VG3
US,2VG7
US,2VG8
US,2WA1
US,2WA2
US,2WA3
US,2WA6
US,2WA8
US,2WA9
US,2WI1
US,2WI4
US,2WI5
US,2WI6
US,2WI7
US,2WI8
US,2WI9
US,2WN3
US,2WN5
US,2WN6
US,2WN7
US,2WN9
US,2WS2
US,2WS3
US,2WV3
US,2WV5
US,2WY8
US,2XA1
US,2XA2
US,2XA5
US,2XA7
US,2XS1
US,2XS2
US,2XS3
US,2XS5
US,2XS6
US,2XS7
US,2XS8
US,30AK
US,30AR
US,30CO
US,30GA
US,30GE
US,30ID
US,30IN
US,30IS
US,30KS
US,30LL
US,30MI
US,30MO
US,30MT
US,30NC
US,30NE
US,30NY
US,30OR
US,30PA
US,30SD
US,30TA
US,30TE
US,30TS
US,30TX
US,30WI
US,31AK
US,31AZ
US,31CD
US,31CO
US,31FA
US,31FL
US,31II
US,31IN
US,31KS
US,31KY
US,31MA
US,31MO
US,31MT
US,31TS
US,31TX
US,31VA
US,31WI
US,31WN
US,31XA
US,31XS
US,32CA
US,32CL
US,32CO
US,32FA
US,32GA
US,32II
US,32IN
US,32IS
US,32KS
US,32LS
US,32MD
US,32MN
US,32MS
US,32MT
US,32NC
US,32OH
US,32OK
US,32OR
US,32PA
US,32PN
US,32TA
US,32TE
US,32TX
US,32VA
US,32WA
US,32WI
US,32WY
US,33AK
US,33AR
US,33AZ
US,33CL
US,33CO
US,33CT
US,33FA
US,33FD
US,33FL
US,33GA
US,33ID
US,33IL
US,33KS
US,33KY
US,33LA
US,33MN
US,33MS
US,33NE
US,33NY
US,33OI
US,33OK
US,33OR
US,33TA
US,33TE
US,33VA
US,33VT
US,33WA
US,33WY
US,33XA
US,34AK
US,34AR
US,34CD
US,34CN
US,34CO
US,34FD
US,34FL
US,34IA
US,34ID
US,34II
US,34IL
US,34KY
US,34LA
US,34MI
US,34MS
US,34ND
US,34NE
US,34NJ
US,34OH
US,34OI
US,34OK
US,34PN
US,34SC
US,34TE
US,34TS
US,34WI
US,34XS
US,35AK
US,35AR
US,35CO
US,35FA
US,35FD
US,35IL
US,35IN
US,35IS
US,35KY
US,35LA
US,35ME
US,35MI
US,35MN
US,35MT
US,35NE
US,35NK
US,35OK
US,35OL
US,35TE
US,35TT
US,35TX
US,35WA
US,35WI
US,35XA
US,36AK
US,36AL
US,36AR
US,36CA
US,36CO
US,36GA
US,36II
US,36KS
US,36KY
US,36MN
US,36MO
US,36MS
US,36MT
US,36NC
US,36NE
US,36OH
US,36OR
US,36TN
US,36WA
US,36WI
US,36XS
US,37AR
US,37AZ
US,37CA
US,37CL
US,37FL
US,37ID
US,37IL
US,37IN
US,37IS
US,37LA
US,37LL
US,37MO
US,37MS
US,37ND
US,37NE
US,37OR
US,37PA
US,37TE
US,37TS
US,37TX
US,37WA
US,37WI
US,37XA
US,38AK
US,38AL
US,38AR
US,38CL
US,38CN
US,38FA
US,38ID
US,38II
US,38IN
US,38IS
US,38KS
US,38LA
US,38MI
US,38MO
US,38NC
US,38ND
US,38NE
US,38NY
US,38OH
US,38OI
US,38PA
US,38TN
US,38TT
US,38UT
US,38VT
US,38WA
US,38WI
US,38WV
US,38XA
US,38XS
US,39AK
US,39AR
US,39FA
US,39FD
US,39IA
US,39II
US,39IN
US,39KS
US,39LL
US,39MD
US,39MI
US,39MO
US,39OH
US,39OK
US,39PN
US,39SC
US,39TA
US,39TN
US,39WA
US,39WI
US,3AK1
US,3AK2
US,3AK3
US,3AK4
US,3AK5
US,3AK6
US,3AK7
US,3AK8
US,3AL1
US,3AL5
US,3AL6
US,3AL8
US,3AR0
US,3AR2
US,3AR3
US,3AR5
US,3AR6
US,3AR7
US,3AR8
US,3AR9
US,3AZ5
US,3AZ8
US,3CA7
US,3CA9
US,3CN7
US,3CO0
US,3CO1
US,3CO2
US,3CO4
US,3CO7
US,3FA7
US,3FD0
US,3FD6
US,3FL0
US,3FL1
US,3FL8
US,3GA0
US,3GA1
US,3GA3
US,3GA5
US,3GA6
US,3GA7
US,3GA8
US,3GA9
US,3GE3
US,3GE8
US,3ID2
US,3ID3
US,3IG3
US,3II0
US,3II1
US,3II3
US,3II8
US,3II9
US,3IL2
US,3IL8
US,3IL9
US,3IN0
US,3IN3
US,3IN5
US,3IN6
US,3IN7
US,3IN8
US,3IN9
US,3IS1
US,3IS3
US,3IS4
US,3IS5
US,3IS7
US,3IS8
US,3KS1
US,3KS2
US,3KS3
US,3KS4
US,3KS5
US,3KS7
US,3KS8
US,3KS9
US,3KY0
US,3KY1
US,3KY3
US,3KY4
US,3KY9
US,3LA1
US,3LA4
US,3LA6
US,3LA8
US,3LL0
US,3LL1
US,3LL3
US,3LL4
US,3LL6
US,3LL8
US,3LL9
US,3LS7
US,3LS8
US,3MA2
US,3MA5
US,3MD0
US,3MD4
US,3MD5
US,3MD6
US,3MD8
US,3MD9
US,3MI0
US,3MI2
US,3MN1
US,3MN4
US,3MN7
US,3MN9
US,3MO4
US,3MO5
US,3MO6
US,3MS1
US,3MS3
US,3MS5
US,3MS6
US,3MS8
US,3MS9
US,3MT3
US,3MT4
US,3MT6
US,3MT7
US,3MT9
US,3NA0
US,3NA2
US,3NA6
US,3NC0
US,3NC1
US,3NC3
US,3NC4
US,3NC5
US,3NC6
US,3NC7
US,3NC9
US,3ND5
US,3NE2
US,3NE3
US,3NE5
US,3NJ1
US,3NJ6
US,3NJ9
US,3NK4
US,3NK5
US,3NK6
US,3NK8
US,3NR3
US,3NR4
US,3NY0
US,3NY1
US,3NY3
US,3NY6
US,3NY7
US,3NY8
US,3OG3
US,3OH0
US,3OH1
US,3OH4
US,3OH6
US,3OH7
US,3OH8
US,3OH9
US,3OK0
US,3OK2
US,3OK5
US,3OK6
US,3OK7
US,3OK8
US,3OK9
US,3OR8
US,3OR9
US,3PA0
US,3PA4
US,3PA6
US,3PA8
US,3PA9
US,3PN0
US,3PN1
US,3PN2
US,3PN6
US,3PN7
US,3PS2
US,3PS4
US,3PS8
US,3PS9
US,3SC4
US,3SD2
US,3SD3
US,3SD4
US,3TA0
US,3TA1
US,3TA4
US,3TA5
US,3TA6
US,3TA7
US,3TA9
US,3TE0
US,3TE1
US,3TE3
US,3TE4
US,3TE5
US,3TE6
US,3TE8
US,3TN0
US,3TN3
US,3TN6
US,3TN8
US,3TN9
US,3TS0
US,3TS1
US,3TS3
US,3TS5
US,3TS9
US,3TX1
US,3TX2
US,3TX3
US,3TX4
US,3TX7
US,3TX9
US,3VA0
US,3VA1
US,3VA2
US,3VA3
US,3VA4
US,3VA5
US,3VA7
US,3VA8
US,3VG2
US,3VG3
US,3VG4
US,3VG9
US,3WA0
US,3WA3
US,3WA4
US,3WI0
US,3WI2
US,3WI3
US,3WI4
US,3WI5
US,3WI6
US,3WI8
US,3WI9
US,3WN2
US,3WN6
US,3WN8
US,3WN9
US,3WS9
US,3XA0
US,3XA1
US,3XA7
US,3XA8
US,3XS0
US,3XS1
US,3XS4
US,3XS5
US,3XS8
US,40AK
US,40AR
US,40AZ
US,40FL
US,40ID
US,40IL
US,40IN
US,40KS
US,40KY
US,40LA
US,40ME
US,40MN
US,40MO
US,40MT
US,40NE
US,40OH
US,40OI
US,40OK
US,40PN
US,40TA
US,40TE
US,40TN
US,40TS
US,40WI
US,40XS
US,41AK
US,41AR
US,41AZ
US,41CA
US,41CO
US,41ID
US,41IG
US,41KS
US,41ME
US,41MS
US,41MT
US,41NC
US,41ND
US,41NK
US,41NY
US,41OH
US,41PA
US,41TA
US,41TN
US,41TS
US,41TT
US,41TX
US,41WI
US,41XS
US,42AK
US,42CN
US,42IA
US,42ID
US,42KS
US,42KY
US,42MD
US,42MN
US,42MO
US,42NC
US,42NY
US,42OH
US,42OR
US,42SC
US,42TN
US,42TT
US,42VA
US,42VT
US,42WA
US,42XA
US,42XS
US,43AK
US,43AR
US,43CN
US,43CO
US,43IG
US,43IN
US,43KS
US,43MI
US,43MO
US,43NE
US,43NV
US,43OA
US,43OI
US,43OK
US,43OR
US,43PA
US,43TN
US,43TS
US,43TX
US,43XA
US,44AK
US,44AZ
US,44CA
US,44CL
US,44CO
US,44ID
US,44IN
US,44KS
US,44KY
US,44LA
US,44LS
US,44MI
US,44MO
US,44MT
US,44MU
US,44NC
US,44ND
US,44NY
US,44OR
US,44PA
US,44SC
US,44TE
US,44TN
US,44TS
US,44TX
US,44VA
US,44WI
US,44XA
US,44XS
US,45AA
US,45AR
US,45AZ
US,45CL
US,45CN
US,45FL
US,45ID
US,45KS
US,45MO
US,45MS
US,45MT
US,45NC
US,45OG
US,45OH
US,45OI
US,45OK
US,45OR
US,45PN
US,45TN
US,45WI
US,45WY
US,45XS
US,46AK
US,46CN
US,46CO
US,46KS
US,46LA
US,46LS
US,46MI
US,46NC
US,46NE
US,46NY
US,46OK
US,46TA
US,46TE
US,46TX
US,46VA
US,46XS
US,47AK
US,47AR
US,47CO
US,47FD
US,47FL
US,47GA
US,47IN
US,47IS
US,47KS
US,47MN
US,47NC
US,47NY
US,47OK
US,47PA
US,47TA
US,47TE
US,47TS
US,47TX
US,47VT
US,47WI
US,47XA
US,47XS
US,48AK
US,48AR
US,48AZ
US,48CO
US,48FL
US,48LL
US,48MD
US,48NC
US,48NY
US,48OK
US,48OR
US,48PS
US,48TE
US,48TS
US,48TX
US,48VA
US,48WA
US,48WI
US,48XA
US,48XS
US,49AK
US,49AR
US,49CL
US,49CN
US,49CO
US,49FD
US,49II
US,49IL
US,49KS
US,49MI
US,49MN
US,49MS
US,49MT
US,49NK
US,49NR
US,49NY
US,49OH
US,49OR
US,49PA
US,49TA
US,49TE
US,49WA
US,49XS
US,4AK1
US,4AK2
US,4AK3
US,4AK5
US,4AK6
US,4AK7
US,4AK8
US,4AK9
US,4AL3
US,4AL5
US,4AL6
US,4AL7
US,4AL8
US,4AL9
US,4AR1
US,4AR2
US,4AR9
US,4AZ6
US,4AZ9
US,4CA2
US,4CA7
US,4CL3
US,4CO0
US,4CO3
US,4CO7
US,4CO8
US,4FA3
US,4FD3
US,4FD7
US,4FL0
US,4FL1
US,4FL3
US,4FL5
US,4FL8
US,4FL9
US,4GA0
US,4GA1
US,4GA4
US,4GA5
US,4GA6
US,4GA7
US,4GA8
US,4GA9
US,4GE1
US,4GE3
US,4IA2
US,4IA7
US,4II0
US,4II3
US,4II8
US,4IL2
US,4IL3
US,4IL4
US,4IL5
US,4IL8
US,4IL9
US,4IN4
US,4IN5
US,4IN7
US,4IN9
US,4IS1
US,4IS5
US,4IS6
US,4IS7
US,4IS8
US,4IS9
US,4KS1
US,4KS2
US,4KS4
US,4KS5
US,4KS6
US,4KS7
US,4KS8
US,4KS9
US,4KT4
US,4KY1
US,4KY4
US,4KY5
US,4KY7
US,4LA8
US,4LL0
US,4LL1
US,4LL7
US,4LL8
US,4LL9
US,4MD0
US,4MD1
US,4MD2
US,4MD3
US,4MD4
US,4MD6
US,4MD7
US,4MD8
US,4MD9
US,4MI1
US,4MI4
US,4MI7
US,4MI8
US,4MN1
US,4MN5
US,4MO1
US,4MO2
US,4MO4
US,4MO6
US,4MO7
US,4MO8
US,4MO9
US,4MS0
US,4MS2
US,4MS3
US,4MS4
US,4MS5
US,4MS9
US,4MT1
US,4NA1
US,4NA3
US,4NA5
US,4NC0
US,4NC2
US,4NC3
US,4NC4
US,4NC5
US,4NC6
US,4NC7
US,4NC8
US,4NC9
US,4ND1
US,4ND8
US,4NE0
US,4NE1
US,4NE8
US,4NE9
US,4NJ0
US,4NJ8
US,4NK2
US,4NK3
US,4NK4
US,4NK5
US,4NY0
US,4NY1
US,4NY7
US,4OA8
US,4OH1
US,4OH3
US,4OH8
US,4OI8
US,4OI9
US,4OK0
US,4OK2
US,4OK6
US,4OR0
US,4OR3
US,4OR4
US,4OR5
US,4OR6
US,4OR7
US,4OR8
US,4PA1
US,4PA5
US,4PA6
US,4PA7
US,4PA8
US,4PN0
US,4PN7
US,4PS4
US,4PS5
US,4SC7
US,4SD4
US,4TA0
US,4TA1
US,4TA2
US,4TA3
US,4TA4
US,4TA8
US,4TE1
US,4TE2
US,4TE4
US,4TE6
US,4TE7
US,4TE9
US,4TN0
US,4TN1
US,4TN2
US,4TN3
US,4TN4
US,4TN5
US,4TN6
US,4TS5
US,4TS7
US,4TS8
US,4TX0
US,4TX2
US,4TX3
US,4TX4
US,4TX6
US,4TX8
US,4VA3
US,4VA5
US,4VA8
US,4VA9
US,4VG2
US,4VG8
US,4WA0
US,4WA1
US,4WA2
US,4WA4
US,4WA8
US,4WA9
US,4WI0
US,4WI1
US,4WI4
US,4WI5
US,4WI9
US,4WN3
US,4WN4
US,4WN5
US,4WN9
US,4WV4
US,4XA2
US,4XA3
US,4XA4
US,4XA5
US,4XS0
US,4XS1
US,4XS2
US,4XS5
US,4XS6
US,4XS9
US,50AK
US,50AZ
US,50FD
US,50FL
US,50GA
US,50II
US,50IL
US,50IN
US,50KS
US,50KY
US,50MT
US,50NC
US,50OH
US,50OR
US,50PA
US,50TA
US,50TN
US,50XS
US,51AK
US,51AR
US,51CL
US,51FD
US,51FL
US,51GA
US,51KS
US,51LS
US,51ME
US,51MO
US,51NC
US,51OH
US,51OK
US,51TE
US,51TN
US,51TT
US,51TX
US,51VA
US,51WA
US,51WI
US,51WT
US,52AK
US,52AR
US,52AZ
US,52CL
US,52CO
US,52FA
US,52FL
US,52IN
US,52KS
US,52KY
US,52LA
US,52MN
US,52NC
US,52ND
US,52NK
US,52NY
US,52PA
US,52TN
US,52TS
US,52WA
US,52WI
US,52WT
US,52XA
US,53AK
US,53CL
US,53CN
US,53CO
US,53FD
US,53GA
US,53IA
US,53II
US,53IL
US,53IN
US,53KS
US,53KT
US,53NC
US,53NE
US,53NY
US,53OH
US,53OK
US,53VA
US,53VG
US,53WI
US,53XA
US,53XS
US,54AL
US,54AR
US,54AZ
US,54CL
US,54CN
US,54FD
US,54II
US,54IL
US,54KS
US,54KY
US,54LA
US,54ME
US,54MI
US,54MO
US,54MU
US,54NC
US,54OH
US,54TA
US,54WI
US,54XA
US,54XS
US,55AK
US,55AR
US,55AZ
US,55CL
US,55FD
US,55GE
US,55ID
US,55KS
US,55LA
US,55LL
US,55ME
US,55MN
US,55MO
US,55ND
US,55NM
US,55NY
US,55OI
US,55OK
US,55OL
US,55OR
US,55PA
US,55SC
US,55TE
US,55TT
US,55TX
US,55WA
US,55WI
US,55WN
US,55XS
US,56AK
US,56AL
US,56AZ
US,56CL
US,56FD
US,56FL
US,56IL
US,56IN
US,56IS
US,56LA
US,56LL
US,56ME
US,56MN
US,56NC
US,56NH
US,56NY
US,56OG
US,56OK
US,56PA
US,56TS
US,56TX
US,56WI
US,56WV
US,57AK
US,57AL
US,57AR
US,57AZ
US,57CL
US,57CN
US,57FA
US,57GA
US,57II
US,57IS
US,57KS
US,57KY
US,57LS
US,57ME
US,57MO
US,57MT
US,57NC
US,57ND
US,57NE
US,57NM
US,57OI
US,57TE
US,57TS
US,57TX
US,57VA
US,57WA
US,57XA
US,57XS
US,58AK
US,58AR
US,58AZ
US,58CL
US,58FD
US,58IA
US,58II
US,58IL
US,58IN
US,58KS
US,58KY
US,58LA
US,58MT
US,58MU
US,58NC
US,58NR
US,58OH
US,58OR
US,58PA
US,58TE
US,58TX
US,58VA
US,58WA
US,58WI
US,58XA
US,58XS
US,59AK
US,59AR
US,59AS
US,59AZ
US,59CN
US,59FD
US,59IA
US,59IL
US,59KS
US,59KY
US,59MN
US,59NC
US,59NY
US,59OH
US,59PA
US,59TX
US,59WA
US,59WI
US,5AK0
US,5AK2
US,5AK3
US,5AK4
US,5AK5
US,5AK6
US,5AK8
US,5AL3
US,5AL5
US,5AL7
US,5AR1
US,5AR2
US,5AR4
US,5AR7
US,5AR8
US,5AZ3
US,5AZ6
US,5AZ7
US,5AZ9
US,5CA4
US,5CA7
US,5CA8
US,5CL0
US,5CL1
US,5CL7
US,5CL8
US,5CL9
US,5CN4
US,5CO0
US,5CO1
US,5CO4
US,5CO6
US,5CO8
US,5CT5
US,5CT7
US,5FA1
US,5FD0
US,5FD1
US,5FD7
US,5FL0
US,5FL1
US,5FL4
US,5FL6
US,5FL7
US,5FL8
US,5GA0
US,5GA1
US,5GA2
US,5GA3
US,5GA4
US,5GA5
US,5GA6
US,5GA9
US,5GE1
US,5II1
US,5II5
US,5II8
US,5II9
US,5IL2
US,5IL5
US,5IL8
US,5IN0
US,5IN4
US,5IN9
US,5IS4
US,5IS9
US,5KS1
US,5KS2
US,5KS4
US,5KS6
US,5KS8
US,5KY4
US,5KY5
US,5KY8
US,5LA1
US,5LA9
US,5LL0
US,5LL1
US,5LL2
US,5LL3
US,5LL5
US,5LL7
US,5LL8
US,5LS6
US,5LS9
US,5MA3
US,5MD4
US,5MD5
US,5MI1
US,5MI7
US,5MN1
US,5MN2
US,5MN5
US,5MN9
US,5MO6
US,5MO7
US,5MS1
US,5MS3
US,5MS5
US,5MS6
US,5MS8
US,5MT5
US,5MU5
US,5MU9
US,5NA0
US,5NC1
US,5NC2
US,5NC3
US,5NC5
US,5ND0
US,5ND3
US,5ND9
US,5NE2
US,5NE3
US,5NE4
US,5NJ2
US,5NK1
US,5NK9
US,5NY1
US,5NY4
US,5NY5
US,5OH6
US,5OH9
US,5OI5
US,5OI8
US,5OK0
US,5OK2
US,5OK3
US,5OK4
US,5OK8
US,5OK9
US,5OL5
US,5OR0
US,5OR3
US,5OR4
US,5OR5
US,5OR8
US,5OR9
US,5PA0
US,5PA1
US,5PA2
US,5PA4
US,5PA6
US,5PN7
US,5PN8
US,5PS5
US,5SD3
US,5TA0
US,5TA1
US,5TA3
US,5TA5
US,5TA8
US,5TA9
US,5TE0
US,5TE1
US,5TE2
US,5TE3
US,5TE4
US,5TE5
US,5TE6
US,5TE7
US,5TE8
US,5TN2
US,5TN4
US,5TN5
US,5TN9
US,5TS2
US,5TS3
US,5TS7
US,5TS8
US,5TX0
US,5TX1
US,5TX2
US,5VA4
US,5VA5
US,5VG1
US,5VG2
US,5WA0
US,5WA1
US,5WA2
US,5WA5
US,5WA7
US,5WA8
US,5WA9
US,5WI1
US,5WI2
US,5WI3
US,5WI4
US,5WI5
US,5WI6
US,5WI8
US,5WN2
US,5WN8
US,5WN9
US,5XA0
US,5XA1
US,5XA6
US,5XA9
US,5XS2
US,5XS3
US,5XS5
US,5XS6
US,5XS8
US,60AR
US,60CL
US,60IA
US,60IL
US,60IS
US,60KS
US,60LA
US,60MI
US,60MN
US,60MU
US,60NC
US,60OA
US,60OI
US,60OK
US,60OR
US,60TE
US,60TX
US,60XA
US,60XS
US,61AR
US,61GA
US,61ID
US,61IN
US,61IS
US,61KY
US,61MO
US,61MU
US,61NC
US,61ND
US,61NJ
US,61OH
US,61OK
US,61OR
US,61PN
US,61PS
US,61TA
US,61TE
US,61VA
US,61WI
US,61XA
US,62AL
US,62AR
US,62AZ
US,62CL
US,62FL
US,62GA
US,62IL
US,62IN
US,62IS
US,62KS
US,62MD
US,62MN
US,62MO
US,62NC
US,62ND
US,62NR
US,62OH
US,62PA
US,62TA
US,62TS
US,62TX
US,62VA
US,62XA
US,62XS
US,63AK
US,63AR
US,63CA
US,63CL
US,63CN
US,63CO
US,63FA
US,63FD
US,63GE
US,63ID
US,63II
US,63IL
US,63IN
US,63KS
US,63ME
US,63MN
US,63MS
US,63MT
US,63NC
US,63NY
US,63OH
US,63TX
US,63WA
US,63WI
US,63XA
US,63XS
US,64AK
US,64AR
US,64CL
US,64CT
US,64FA
US,64GA
US,64IL
US,64KS
US,64KY
US,64MO
US,64MS
US,64NC
US,64ND
US,64OG
US,64OR
US,64TE
US,64XA
US,65AK
US,65AR
US,65CL
US,65CN
US,65CO
US,65KS
US,65LA
US,65MD
US,65MN
US,65MO
US,65MS
US,65NK
US,65NM
US,65NY
US,65OH
US,65TE
US,65TN
US,65TS
US,65TX
US,65VA
US,65WA
US,65WI
US,65WN
US,65XA
US,66CA
US,66FD
US,66GA
US,66ID
US,66IL
US,66IN
US,66KY
US,66LA
US,66MI
US,66MN
US,66MO
US,66NC
US,66NE
US,66OH
US,66OI
US,66OK
US,66SC
US,66TE
US,66TN
US,66TX
US,66VT
US,66WI
US,66XA
US,66XS
US,67AK
US,67AR
US,67CA
US,67CL
US,67CO
US,67FL
US,67GA
US,67IL
US,67KY
US,67MD
US,67MI
US,67MN
US,67MO
US,67MU
US,67ND
US,67NJ
US,67OG
US,67OK
US,67OR
US,67PN
US,67SC
US,67TE
US,67TT
US,67TX
US,67WA
US,67WI
US,67XA
US,68AL
US,68AR
US,68AZ
US,68CA
US,68CN
US,68FD
US,68ID
US,68IL
US,68IN
US,68IS
US,68KS
US,68KY
US,68LA
US,68LS
US,68MN
US,68NC
US,68NE
US,68NK
US,68NM
US,68PA
US,68PN
US,68TE
US,68TS
US,68WA
US,68XA
US,69CL
US,69FD
US,69IL
US,69KS
US,69KY
US,69LL
US,69MN
US,69MO
US,69MT
US,69MU
US,69MY
US,69NC
US,69ND
US,69OI
US,69OK
US,69OR
US,69PA
US,69TA
US,69TS
US,69TX
US,69XS
US,6AK1
US,6AK2
US,6AK3
US,6AK5
US,6AK7
US,6AK8
US,6AK9
US,6AL3
US,6AL6
US,6AR0
US,6AR1
US,6AR9
US,6AZ2
US,6AZ8
US,6CA1
US,6CA5
US,6CA6
US,6CA8
US,6CL8
US,6CO1
US,6CO2
US,6CO6
US,6CO7
US,6FD0
US,6FD2
US,6FD5
US,6FD6
US,6FD7
US,6FL3
US,6FL4
US,6FL8
US,6FL9
US,6GA0
US,6GA1
US,6GA4
US,6GA5
US,6GA8
US,6GE2
US,6GE4
US,6IA6
US,6IA7
US,6ID1
US,6II2
US,6II7
US,6II8
US,6IL0
US,6IL2
US,6IL4
US,6IL5
US,6IL6
US,6IL7
US,6IL9
US,6IN2
US,6IN3
US,6IN4
US,6IN6
US,6IN8
US,6IS0
US,6IS8
US,6KS2
US,6KS4
US,6KY3
US,6KY4
US,6KY6
US,6LA1
US,6LA2
US,6LA4
US,6LA5
US,6LA6
US,6LL0
US,6LL2
US,6LL4
US,6LL5
US,6LL6
US,6MA2
US,6MD1
US,6MD3
US,6MD4
US,6MD7
US,6MD8
US,6ME6
US,6MI1
US,6MI3
US,6MI6
US,6MI7
US,6MN0
US,6MN7
US,6MN8
US,6MN9
US,6MO0
US,6MO2
US,6MO3
US,6MO4
US,6MO7
US,6MS1
US,6MS6
US,6MU4
US,6MU5
US,6MU9
US,6NA5
US,6NA6
US,6NC0
US,6NC1
US,6NC2
US,6NC3
US,6NC4
US,6NC5
US,6NC7
US,6NC8
US,6NC9
US,6ND2
US,6ND3
US,6ND6
US,6ND9
US,6NE0
US,6NE3
US,6NE7
US,6NE8
US,6NJ9
US,6NK0
US,6NR6
US,6NY1
US,6NY3
US,6NY4
US,6NY7
US,6OG3
US,6OH1
US,6OH4
US,6OH7
US,6OH9
US,6OK0
US,6OK1
US,6OK2
US,6OK3
US,6OK9
US,6OR1
US,6OR2
US,6OR4
US,6OR6
US,6OR7
US,6OR8
US,6PA3
US,6PA4
US,6PA5
US,6PA6
US,6PA8
US,6PN9
US,6PS3
US,6PS8
US,6SD4
US,6TA0
US,6TA2
US,6TA3
US,6TA8
US,6TA9
US,6TE0
US,6TE3
US,6TE4
US,6TE5
US,6TE6
US,6TE7
US,6TN1
US,6TN4
US,6TN5
US,6TN7
US,6TN9
US,6TS0
US,6TS1
US,6TS2
US,6TS4
US,6TS8
US,6TX1
US,6TX2
US,6TX4
US,6TX6
US,6TX7
US,6TX9
US,6VA2
US,6VA4
US,6VA9
US,6WA2
US,6WA3
US,6WA4
US,6WA5
US,6WA6
US,6WI0
US,6WI1
US,6WI2
US,6WI3
US,6WI4
US,6WI6
US,6WN5
US,6WN6
US,6XA0
US,6XA4
US,6XS2
US,6XS4
US,6XS7
US,6XS9
US,70AK
US,70AR
US,70FA
US,70II
US,70IL
US,70IN
US,70KS
US,70KY
US,70LA
US,70LL
US,70MO
US,70NC
US,70ND
US,70NJ
US,70NR
US,70OK
US,70PN
US,70TA
US,70TE
US,70TT
US,70VA
US,70XA
US,70XS
US,71AK
US,71AR
US,71CL
US,71KS
US,71KY
US,71LA
US,71LL
US,71ME
US,71MI
US,71MO
US,71NC
US,71OK
US,71OR
US,71PN
US,71TE
US,71TN
US,71TS
US,71TX
US,71XA
US,71XS
US,72CL
US,72FL
US,72GA
US,72IN
US,72KS
US,72KY
US,72LL
US,72ME
US,72MI
US,72MO
US,72ND
US,72NM
US,72OR
US,72TA
US,72TE
US,72TS
US,72XA
US,72XS
US,73AR
US,73AZ
US,73CA
US,73CL
US,73CO
US,73FD
US,73IA
US,73IN
US,73KY
US,73MD
US,73NY
US,73OH
US,73OI
US,73OK
US,73OR
US,73PA
US,73PN
US,73TA
US,73TE
US,73TX
US,73WA
US,73WI
US,73WT
US,73XA
US,73XS
US,74AK
US,74AR
US,74AZ
US,74CA
US,74CN
US,74CO
US,74FD
US,74FL
US,74GA
US,74IL
US,74KS
US,74KY
US,74MU
US,74NC
US,74NK
US,74NY
US,74OK
US,74TE
US,74TX
US,74XA
US,75AK
US,75AR
US,75DC
US,75FL
US,75IN
US,75KS
US,75KY
US,75MI
US,75MN
US,75NE
US,75NR
US,75NY
US,75OA
US,75OH
US,75OI
US,75PA
US,75TA
US,75TE
US,75TS
US,75TX
US,75WA
US,75WI
US,75WV
US,75XA
US,75XS
US,76AK
US,76AR
US,76CO
US,76FD
US,76GA
US,76II
US,76KS
US,76KY
US,76LS
US,76MN
US,76NC
US,76OK
US,76TA
US,76TE
US,76WA
US,76WN
US,76XA
US,77AK
US,77AR
US,77CA
US,77CL
US,77GA
US,77ID
US,77KS
US,77KY
US,77MI
US,77MN
US,77MO
US,77NC
US,77NV
US,77PA
US,77PN
US,77TA
US,77TE
US,77TN
US,77TS
US,77TX
US,77XA
US,77XS
US,78AA
US,78AK
US,78FD
US,78FL
US,78GA
US,78II
US,78KY
US,78LA
US,78ME
US,78MI
US,78MN
US,78MO
US,78MU
US,78NC
US,78NE
US,78NY
US,78OH
US,78OR
US,78TA
US,78WA
US,78XA
US,78XS
US,79AK
US,79AR
US,79CL
US,79FD
US,79FL
US,79GA
US,79ID
US,79II
US,79IS
US,79KY
US,79MI
US,79MN
US,79MO
US,79MU
US,79NC
US,79OH
US,79OK
US,79TE
US,79TS
US,79TX
US,79VG
US,79WA
US,79WS
US,79WT
US,79XA
US,79XS
US,7AK2
US,7AK3
US,7AK4
US,7AK5
US,7AK6
US,7AK8
US,7AK9
US,7AL2
US,7AL5
US,7AL7
US,7AL9
US,7AR0
US,7AR1
US,7AR2
US,7AR3
US,7AR6
US,7AR7
US,7AR8
US,7AR9
US,7AZ4
US,7CA1
US,7CA2
US,7CL9
US,7CO0
US,7CO2
US,7CO3
US,7CO4
US,7CO6
US,7CO8
US,7FA1
US,7FA2
US,7FA3
US,7FA8
US,7FD1
US,7FD2
US,7FD6
US,7FD9
US,7FL4
US,7FL6
US,7FL7
US,7FL8
US,7GA2
US,7GA3
US,7GA4
US,7GA7
US,7GA9
US,7GE5
US,7GE7
US,7IA7
US,7II3
US,7IL0
US,7IL7
US,7IL8
US,7IL9
US,7IN2
US,7IN3
US,7IN6
US,7IN7
US,7IN9
US,7IS2
US,7IS3
US,7IS5
US,7IS7
US,7KS0
US,7KS2
US,7KS3
US,7KS4
US,7KS7
US,7KS9
US,7KY3
US,7LA0
US,7LA1
US,7LA4
US,7LA9
US,7LL3
US,7LL7
US,7MD1
US,7MD7
US,7MD8
US,7MD9
US,7MI2
US,7MI3
US,7MI6
US,7MI7
US,7MI8
US,7MN3
US,7MN4
US,7MN6
US,7MN8
US,7MO1
US,7MO3
US,7MO4
US,7MO7
US,7MS1
US,7MS3
US,7MS4
US,7MS7
US,7MY9
US,7NA2
US,7NA4
US,7NA9
US,7NC1
US,7NC2
US,7NC3
US,7NC5
US,7NC7
US,7NC9
US,7ND1
US,7ND5
US,7ND8
US,7NE5
US,7NE8
US,7NJ2
US,7NJ9
US,7NK0
US,7NK4
US,7NK6
US,7NK7
US,7NM1
US,7NV8
US,7NY1
US,7NY6
US,7NY8
US,7OA7
US,7OH1
US,7OH2
US,7OH3
US,7OH5
US,7OH7
US,7OH8
US,7OI1
US,7OI5
US,7OI9
US,7OK1
US,7OK2
US,7OK4
US,7OK8
US,7OR0
US,7OR1
US,7OR4
US,7OR6
US,7OR8
US,7OR9
US,7PA1
US,7PA3
US,7PA4
US,7PA6
US,7PN0
US,7PN4
US,7TA3
US,7TA5
US,7TA6
US,7TA7
US,7TE0
US,7TE1
US,7TE2
US,7TE3
US,7TE4
US,7TE6
US,7TE7
US,7TE8
US,7TE9
US,7TN0
US,7TN1
US,7TN3
US,7TN4
US,7TN5
US,7TS2
US,7TS3
US,7TS4
US,7TS9
US,7TX0
US,7TX4
US,7TX7
US,7TX8
US,7TX9
US,7VA9
US,7VG0
US,7WA0
US,7WA3
US,7WA4
US,7WA5
US,7WI0
US,7WI2
US,7WI4
US,7WI5
US,7WI6
US,7WI7
US,7WI8
US,7XA2
US,7XA4
US,7XS0
US,7XS5
US,7XS7
US,80CA
US,80CO
US,80FD
US,80GA
US,80IL
US,80KS
US,80KY
US,80LA
US,80ME
US,80MO
US,80ND
US,80NY
US,80OH
US,80OK
US,80OR
US,80PN
US,80SD
US,80TN
US,80TS
US,80VA
US,80WI
US,80XA
US,81AK
US,81AR
US,81CA
US,81CO
US,81FL
US,81GA
US,81IL
US,81KS
US,81LL
US,81ME
US,81MN
US,81NC
US,81ND
US,81OH
US,81OK
US,81OR
US,81TE
US,81TS
US,81VA
US,82CL
US,82GA
US,82IS
US,82KS
US,82KY
US,82LS
US,82NC
US,82NE
US,82NM
US,82NR
US,82NY
US,82TE
US,82TS
US,82VA
US,82WI
US,82WN
US,82XS
US,83AK
US,83FD
US,83FL
US,83GA
US,83IL
US,83IN
US,83IS
US,83KS
US,83LL
US,83OH
US,83OK
US,83TS
US,83TX
US,83WI
US,83XA
US,84AL
US,84IL
US,84KS
US,84KY
US,84ME
US,84NC
US,84ND
US,84NE
US,84NY
US,84OK
US,84OR
US,84PN
US,84TA
US,84TE
US,84TX
US,84WA
US,84WY
US,84XS
US,85FA
US,85FL
US,85GA
US,85IL
US,85KS
US,85KY
US,85MI
US,85MN
US,85NE
US,85NK
US,85NY
US,85OK
US,85OR
US,85TA
US,85TE
US,85TN
US,85TX
US,85WI
US,85XA
US,85XS
US,86CL
US,86CO
US,86FD
US,86GA
US,86IS
US,86KS
US,86LA
US,86MI
US,86MT
US,86NC
US,86NE
US,86OH
US,86PN
US,86TE
US,86TN
US,86TX
US,86WA
US,86WI
US,86XS
US,87AK
US,87CD
US,87CO
US,87FL
US,87IL
US,87MN
US,87MO
US,87NC
US,87NE
US,87OI
US,87OR
US,87PA
US,87TE
US,87TX
US,87VA
US,87WI
US,87WS
US,87XS
US,88AK
US,88AZ
US,88CO
US,88IL
US,88IN
US,88IS
US,88LL
US,88MD
US,88MS
US,88NC
US,88ND
US,88NV
US,88NY
US,88OR
US,88PA
US,88PS
US,88TA
US,88TE
US,88TN
US,88TT
US,88VA
US,88VT
US,88WI
US,88WS
US,88XA
US,88XS
US,89AK
US,89CA
US,89IL
US,89IN
US,89ME
US,89MO
US,89NC
US,89ND
US,89NJ
US,89NY
US,89OI
US,89OK
US,89OR
US,89TS
US,89VA
US,89WI
US,89XA
US,8AK1
US,8AK2
US,8AK3
US,8AK5
US,8AK6
US,8AK8
US,8AK9
US,8AL2
US,8AL3
US,8AL7
US,8AN6
US,8AR1
US,8AZ5
US,8CA0
US,8CA8
US,8CL1
US,8CL2
US,8CL6
US,8CO0
US,8CO2
US,8CO5
US,8CO7
US,8CO8
US,8CO9
US,8FA1
US,8FA4
US,8FD3
US,8FD5
US,8FL0
US,8FL1
US,8FL2
US,8FL3
US,8FL6
US,8FL9
US,8GA1
US,8GA3
US,8GA5
US,8GA6
US,8GA8
US,8GA9
US,8IA8
US,8ID8
US,8II2
US,8II5
US,8IL0
US,8IL2
US,8IL5
US,8IN2
US,8IN7
US,8IN9
US,8IS2
US,8IS5
US,8KS0
US,8KS1
US,8KS3
US,8KS4
US,8KS5
US,8KS7
US,8KS8
US,8KT8
US,8KY3
US,8KY6
US,8MA4
US,8MD0
US,8MD4
US,8MD5
US,8MD6
US,8MD7
US,8MI3
US,8MI7
US,8MI9
US,8MN2
US,8MN3
US,8MN4
US,8MN6
US,8MO3
US,8MO7
US,8MS1
US,8MS2
US,8MT4
US,8MY9
US,8NA0
US,8NA5
US,8NA9
US,8NC1
US,8NC2
US,8NC4
US,8NC6
US,8NC7
US,8NC8
US,8NC9
US,8ND0
US,8ND4
US,8ND5
US,8ND6
US,8ND7
US,8NE3
US,8NE4
US,8NE5
US,8NE6
US,8NE9
US,8NK4
US,8NK6
US,8NY3
US,8NY5
US,8NY7
US,8NY8
US,8OA5
US,8OA6
US,8OA7
US,8OH4
US,8OH5
US,8OI3
US,8OI5
US,8OI9
US,8OK0
US,8OK1
US,8OK2
US,8OK4
US,8OK6
US,8OK7
US,8OL1
US,8OR2
US,8OR3
US,8OR5
US,8OR6
US,8OR7
US,8PA0
US,8PA1
US,8PA3
US,8PA4
US,8PA8
US,8PN2
US,8PN3
US,8TA0
US,8TA1
US,8TA3
US,8TA5
US,8TA8
US,8TA9
US,8TE0
US,8TE1
US,8TE2
US,8TE4
US,8TE8
US,8TN1
US,8TN2
US,8TN3
US,8TN4
US,8TN5
US,8TN6
US,8TN7
US,8TN9
US,8TS0
US,8TS1
US,8TS2
US,8TS3
US,8TS5
US,8TS7
US,8TS8
US,8TX0
US,8TX2
US,8TX6
US,8TX8
US,8VA1
US,8VA4
US,8VA6
US,8VG4
US,8WA0
US,8WA6
US,8WA7
US,8WI0
US,8WI1
US,8WI2
US,8WI3
US,8WI5
US,8WI6
US,8WN8
US,8WV8
US,8WY6
US,8XA7
US,8XS0
US,8XS2
US,8XS3
US,8XS8
US,8XS9
US,90CA
US,90CL
US,90FL
US,90IA
US,90IN
US,90KS
US,90LA
US,90ME
US,90MN
US,90MS
US,90NY
US,90OI
US,90OK
US,90PA
US,90TS
US,90TT
US,90TX
US,90VA
US,90WA
US,90WI
US,90XA
US,91GA
US,91IN
US,91KS
US,91LA
US,91LS
US,91NE
US,91NY
US,91OH
US,91OK
US,91TA
US,91TE
US,91TS
US,91TX
US,91VA
US,91WA
US,91WI
US,91WT
US,91XA
US,92CA
US,92CL
US,92CO
US,92GE
US,92IN
US,92KY
US,92ME
US,92MN
US,92MT
US,92MU
US,92NJ
US,92NY
US,92OK
US,92PA
US,92PN
US,92SC
US,92TA
US,92TE
US,92VA
US,92WI
US,92XS
US,93AK
US,93AZ
US,93CO
US,93IA
US,93KS
US,93MD
US,93MN
US,93MO
US,93MS
US,93MT
US,93OK
US,93TE
US,93TN
US,93VA
US,93XA
US,93XS
US,94AR
US,94FA
US,94FL
US,94GA
US,94IL
US,94IS
US,94KS
US,94KY
US,94MN
US,94NC
US,94NH
US,94NY
US,94OR
US,94TA
US,94TS
US,94TX
US,94WA
US,94WI
US,94XS
US,95AK
US,95CO
US,95FA
US,95FD
US,95GA
US,95ID
US,95IL
US,95IS
US,95KS
US,95MI
US,95NE
US,95NY
US,95OK
US,95OR
US,95TA
US,95TN
US,95TS
US,95TX
US,95VA
US,95WA
US,95WI
US,96CO
US,96FD
US,96FL
US,96GA
US,96ID
US,96IL
US,96IS
US,96KS
US,96KY
US,96MT
US,96MU
US,96NE
US,96OK
US,96OR
US,96TE
US,96TN
US,96TS
US,96TX
US,96VE
US,96WA
US,96WY
US,96XA
US,97AK
US,97CA
US,97FL
US,97GA
US,97IA
US,97MT
US,97OG
US,97OR
US,97TN
US,97TS
US,97TX
US,97VA
US,97WA
US,97WI
US,97XS
US,98AK
US,98GA
US,98KS
US,98LL
US,98LS
US,98MN
US,98MO
US,98MT
US,98NY
US,98OH
US,98OK
US,98OR
US,98TE
US,98TN
US,98TS
US,98XA
US,99AK
US,99AZ
US,99CL
US,99CO
US,99IA
US,99II
US,99KS
US,99KY
US,99LA
US,99MI
US,99MS
US,99MT
US,99OR
US,99TE
US,99TX
US,99UT
US,99WI
US,99WY
US,99XA
US,99XS
US,9AA1
US,9AA9
US,9AK0
US,9AK2
US,9AK3
US,9AK4
US,9AK5
US,9AK6
US,9AK7
US,9AK8
US,9AK9
US,9AR1
US,9AR4
US,9AR9
US,9AZ2
US,9CA6
US,9CA7
US,9CL0
US,9CL2
US,9CL3
US,9CL7
US,9CL9
US,9CO2
US,9CO3
US,9CO5
US,9CO6
US,9CO7
US,9CO8
US,9CO9
US,9FA5
US,9FD5
US,9FD7
US,9FD9
US,9FL0
US,9FL1
US,9FL2
US,9FL5
US,9FL7
US,9FL8
US,9GA0
US,9GA1
US,9GA3
US,9GA5
US,9GA6
US,9GA8
US,9GA9
US,9GE7
US,9ID0
US,9ID6
US,9II4
US,9II8
US,9IL0
US,9IL2
US,9IL4
US,9IL6
US,9IL7
US,9IN4
US,9IN7
US,9IS0
US,9IS2
US,9IS9
US,9KS1
US,9KS4
US,9KS6
US,9KY4
US,9KY9
US,9LA6
US,9LA9
US,9LL2
US,9LL5
US,9LS1
US,9LS5
US,9MD9
US,9MI2
US,9MI4
US,9MI5
US,9MN1
US,9MN3
US,9MN5
US,9MN6
US,9MO3
US,9MO4
US,9MO5
US,9MO6
US,9MS9
US,9MT0
US,9MT9
US,9NA4
US,9NC2
US,9NC3
US,9NC4
US,9NC7
US,9NC8
US,9NC9
US,9ND2
US,9ND8
US,9NE1
US,9NE3
US,9NE4
US,9NE6
US,9NE8
US,9NJ5
US,9NJ6
US,9NJ8
US,9NK4
US,9NM9
US,9NR0
US,9NR4
US,9NR7
US,9NR8
US,9NY6
US,9NY7
US,9OA5
US,9OA9
US,9OH1
US,9OH2
US,9OH7
US,9OH8
US,9OI3
US,9OI5
US,9OK3
US,9OK4
US,9OK7
US,9OK8
US,9OK9
US,9OR0
US,9OR1
US,9OR4
US,9OR8
US,9PA2
US,9PA3
US,9PA7
US,9PN8
US,9PS2
US,9PS8
US,9SD7
US,9SD8
US,9TA1
US,9TA3
US,9TE0
US,9TE2
US,9TE4
US,9TE5
US,9TE6
US,9TE7
US,9TN1
US,9TN2
US,9TN4
US,9TN5
US,9TN7
US,9TN9
US,9TS3
US,9TS6
US,9TX1
US,AA00
US,AA05
US,AA06
US,AA09
US,AA10
US,AA16
US,AA22
US,AA25
US,AA30
US,AA33
US,AA76
AQ,
SB,
SB,
SB,
SB,
SB,
SB,
SB,
SB,
SB,
SB,
SB,
SB,
SB,
SB,
SB,
SB,
SB,
SB,
SB,
SB,
SB,
SB,
SB,
SB,
SB,
SB,
SB,
SB,
SB,
SB,
US,AK00
US,AK01
US,AK02
US,AK05
US,AK06
US,AK08
US,AK09
US,AK10
US,AK11
US,AK12
US,AK13
US,AK14
US,AK16
US,AK17
US,AK19
US,AK20
US,AK21
US,AK22
US,AK24
US,AK25
US,AK26
US,AK27
US,AK28
US,AK29
US,AK30
US,AK31
US,AK33
US,AK36
US,AK39
US,AK40
US,AK41
US,AK44
US,AK45
US,AK46
US,AK47
US,AK49
US,AK50
US,AK51
US,AK52
US,AK53
US,AK54
US,AK55
US,AK59
US,AK60
US,AK61
US,AK63
US,AK64
US,AK65
US,AK66
US,AK67
US,AK68
US,AK69
US,AK71
US,AK72
US,AK73
US,AK74
US,AK75
US,AK76
US,AK77
US,AK79
US,AK83
US,AK84
US,AK85
US,AK86
US,AK88
US,AK89
US,AK90
US,AK92
US,AK93
US,AK95
US,AK96
US,AK97
US,AK98
US,AK99
US,AL03
US,AL04
US,AL05
US,AL08
US,AL09
US,AL10
US,AL16
US,AL17
US,AL18
US,AL27
US,AL29
US,AL30
US,AL32
US,AL33
US,AL34
US,AL35
US,AL41
US,AL43
US,AL44
US,AL51
US,AL55
US,AL60
US,AL62
US,AL69
US,AL71
US,AL74
US,AL76
US,AL77
US,AL84
US,AL88
US,AL89
US,AL92
US,AL93
US,AL94
US,AL97
US,AL99
US,AN01
US,AN03
US,AN04
US,AN05
US,AN37
NR,
US,AR03
US,AR05
US,AR06
US,AR09
US,AR10
US,AR11
US,AR12
US,AR13
US,AR17
US,AR22
US,AR27
US,AR34
US,AR43
US,AR44
US,AR46
US,AR55
US,AR79
US,AR88
US,AR89
US,AR91
PG,
PG,
PG,
PG,
PG,
PG,
PG,
PG,
PG,
PG,
PG,
PG,
PG,
PG,
PG,
PG,
PG,
PG,
PG,
PG,
PG,
PG,
PG,
PG,
PG,
PG,
PG,
PG,
PG,
PG,
PG,
PG,
PG,
PG,
PG,
PG,
PG,
PG,
PG,
PG,
PG,
PG,
PG,
PG,
PG,
PG,
PG,
PG,
PG,
PG,
PG,
PG,
PG,
PG,
PG,
PG,
PG,
PG,
PG,
PG,
PG,
PG,
PG,
PG,
PG,
PG,
PG,
PG,
PG,
PG,
PG,
PG,
PG,
PG,
PG,
PG,
PG,
PG,
PG,
PG,
PG,
PG,
PG,
PG,
PG,
PG,
PG,
PG,
PG,
PG,
PG,
PG,
PG,
PG,
PG,
PG,
PG,
PG,
PG,
PG,
PG,
PG,
US,AZ01
US,AZ03
US,AZ04
US,AZ05
US,AZ06
US,AZ09
US,AZ13
US,AZ14
US,AZ17
US,AZ21
US,AZ25
US,AZ26
US,AZ27
US,AZ28
US,AZ31
US,AZ32
US,AZ34
US,AZ40
US,AZ43
US,AZ45
US,AZ46
US,AZ49
US,AZ50
US,AZ57
US,AZ60
US,AZ61
US,AZ63
US,AZ64
US,AZ66
US,AZ71
US,AZ72
US,AZ78
US,AZ82
US,AZ85
US,AZ88
US,AZ90
US,AZ97
GL,
GL,
GL,
GL,
GL,
GL,
GL,
GL,
GL,
GL,
GL,
GL,
GL,
GL,
GL,
GL,
GL,
GL,
IS,
IS,
IS,
IS,
IS,
IS,
IS,
IS,
IS,
IS,
IS,
IS,
IS,
IS,
IS,
IS,
IS,
IS,
IS,
IS,
IS,
IS,
IS,
IS,
IS,
IS,
IS,
IS,
IS,
IS,
IS,
IS,
IS,
IS,
IS,
IS,
IS,
IS,
IS,
IS,
IS,
IS,
IS,
IS,
IS,
IS,
IS,
IS,
IS,
IS,
IS,
IS,
IS,
IS,
IS,
IS,
IS,
IS,
IS,
IS,
IS,
IS,
IS,
IS,
IS,
IS,
IS,
IS,
IS,
IS,
IS,
IS,
IS,
IS,
IS,
IS,
IS,
IS,
IS,
XK,
US,CA03
US,CA04
US,CA05
US,CA06
US,CA07
US,CA09
US,CA11
US,CA13
US,CA18
US,CA19
US,CA20
US,CA21
US,CA32
US,CA34
US,CA35
US,CA38
US,CA39
US,CA40
US,CA41
US,CA42
US,CA44
US,CA49
US,CA51
US,CA60
US,CA62
US,CA66
US,CA67
US,CA70
US,CA73
US,CA74
US,CA76
US,CA88
US,CA89
US,CA90
US,CA92
US,CA97
CA,
CA,
CA,
CA,
CA,
CA,
CA,
CA,
CA,
CA,
CA,
CA,
CA,
CA,
CA,
CA,
CA,
CA,
CA,
CA,
CA,
CA,
CA,
CA,
CA,
CA,
CA,
CA,
CA,
CA,
CA,
CA,
CA,
CA,
CA,
CA,
CA,
CA,
CA,
CA,
CA,
CA,
CA,
CA,
CA,
CA,
CA,
CA,
CA,
CA,
CA,
CA,
CA,
CA,
CA,
CA,
CA,
CA,
CA,
CA,
CA,
CA,
CA,
CA,
CA,
CA,
CA,
CA,
CA,
CA,
CA,
CA,
CA,
CA,
CA,
CA,
CA,
CA,
CA,
CA,
CA,
CA,
CA,
CA,
CA,
CA,
CA,
CA,
CA,
CA,
CA,
CA,
CA,
CA,
CA,
CA,
CA,
CA,
CA,
CA,
CA,
CA,
CA,
CA,
CA,
CA,
CA,
CA,
CA,
CA,
CA,
CA,
CA,
CA,
CA,
CA,
CA,
CA,
CA,
CA,
CA,
CA,
CA,
CA,
CA,
CA,
CA,
CA,
CA,
CA,
CA,
CA,
US,CD01
US,CD02
US,CD03
US,CD09
US,CD10
US,CD13
US,CD14
US,CD15
US,CD20
US,CD23
US,CD28
US,CD32
US,CD39
US,CD45
US,CD48
US,CD69
CA,
CA,
CA,
CA,
CA,
CA,
CA,
CA,
CA,
CA,
CA,
CA,
CA,
CA,
CA,
CA,
CA,
CA,
CA,
CA,
CA,
CA,
CA,
CA,
CA,
CA,
CA,
CA,
CA,
CA,
CA,
CA,
CA,
CA,
CA,
CA,
CA,
CA,
CA,
CA,
CA,
CA,
CA,
CA,
CA,
CA,
CA,
CA,
CA,
CA,
CA,
CA,
CA,
CA,
CA,
CA,
CA,
CA,
CA,
CA,
CA,
CA,
CA,
CA,
CA,
CA,
CA,
CA,
CA,
CA,
CA,
CA,
CA,
CA,
CA,
CA,
CA,
CA,
CA,
CA,
CA,
CA,
CA,
CA,
CA,
CA,
CA,
CA,
CA,
CA,
CA,
CA,
CA,
CA,
CA,
CA,
CA,
CA,
CA,
CA,
CA,
CA,
CA,
CA,
CA,
CA,
CA,
CA,
CA,
CA,
CA,
CA,
CA,
CA,
CA,
CA,
CA,
CA,
CA,
CA,
CA,
CA,
CA,
CA,
CA,
CA,
CA,
CA,
CA,
CA,
CA,
CA,
CA,
CA,
CA,
CA,
CA,
CA,
CA,
CA,
CA,
CA,
CA,
CA,
CA,
CA,
CA,
CA,
CA,
CA,
CA,
CA,
CA,
CA,
CA,
CA,
CA,
CA,
CA,
CA,
CA,
CA,
CA,
CA,
CA,
CA,
CA,
CA,
CA,
CA,
CA,
CA,
CA,
CA,
CA,
CA,
CA,
CA,
CA,
CA,
CA,
CA,
CA,
CA,
CA,
CA,
CA,
CA,
CA,
CA,
CA,
CA,
CA,
CA,
CA,
CA,
CA,
CA,
CA,
CA,
CA,
CA,
CA,
CA,
CA,
CA,
CA,
CA,
CA,
CA,
CA,
CA,
CA,
CA,
CA,
CA,
CA,
CA,
CA,
CA,
CA,
CA,
CA,
CA,
CA,
CA,
CA,
CA,
CA,
CA,
CA,
CA,
CA,
CA,
CA,
CA,
CA,
CA,
CA,
CA,
CA,
CA,
CA,
CA,
CA,
CA,
CA,
CA,
CA,
CA,
CA,
CA,
CA,
CA,
CA,
CA,
CA,
CA,
CA,
CA,
CA,
CA,
CA,
CA,
CA,
CA,
CA,
CA,
CA,
CA,
CA,
CA,
CA,
CA,
CA,
CA,
CA,
CA,
CA,
CA,
CA,
CA,
CA,
CA,
CA,
CA,
CA,
CA,
CA,
CA,
CA,
CA,
CA,
CA,
CA,
CA,
CA,
CA,
CA,
CA,
CA,
CA,
CA,
CA,
CA,
CA,
CA,
CA,
CA,
CA,
CA,
CA,
CA,
CA,
CA,
CA,
CA,
CA,
CA,
CA,
CA,
CA,
CA,
CA,
CA,
CA,
CA,
CA,
CA,
CA,
CA,
CA,
CA,
CA,
CA,
CA,
CA,
CA,
CA,
CA,
CA,
CA,
CA,
CA,
CA,
CA,
CA,
CA,
CA,
CA,
CA,
CA,
CA,
CA,
CA,
CA,
CA,
CA,
CA,
CA,
CA,
CA,
CA,
CA,
CA,
CA,
CA,
CA,
CA,
CA,
CA,
CA,
CA,
CA,
CA,
CA,
CA,
CA,
CA,
CA,
CA,
CA,
CA,
CA,
CA,
CA,
CA,
CA,
CA,
CA,
CA,
CA,
CA,
CA,
US,CL01
US,CL04
US,CL23
US,CL25
US,CL29
US,CL33
US,CL46
US,CL56
US,CL74
US,CL77
US,CL84
CA,
CA,
CA,
CA,
CA,
CA,
CA,
CA,
CA,
CA,
CA,
CA,
CA,
CA,
CA,
CA,
CA,
CA,
CA,
CA,
CA,
CA,
CA,
CA,
CA,
CA,
US,CN13
US,CN15
US,CN19
US,CN22
US,CN23
US,CN29
US,CN37
US,CN38
US,CN42
US,CN44
US,CN63
US,CN64
US,CN66
US,CN86
US,CN95
US,CN98
US,CN99
CA,
CA,
CA,
CA,
CA,
CA,
CA,
CA,
CA,
CA,
CA,
CA,
CA,
CA,
CA,
CA,
CA,
CA,
CA,
CA,
CA,
CA,
CA,
CA,
CA,
CA,
CA,
CA,
CA,
CA,
CA,
CA,
CA,
CA,
CA,
CA,
CA,
CA,
CA,
CA,
CA,
CA,
CA,
CA,
CA,
CA,
CA,
CA,
CA,
CA,
CA,
CA,
CA,
CA,
CA,
CA,
US,CO00
US,CO02
US,CO03
US,CO04
US,CO06
US,CO07
US,CO08
US,CO10
US,CO11
US,CO12
US,CO14
US,CO15
US,CO17
US,CO18
US,CO20
US,CO22
US,CO23
US,CO25
US,CO26
US,CO27
US,CO28
US,CO29
US,CO33
US,CO38
US,CO39
US,CO41
US,CO42
US,CO43
US,CO47
US,CO48
US,CO49
US,CO52
US,CO53
US,CO54
US,CO55
US,CO56
US,CO58
US,CO59
US,CO60
US,CO65
US,CO66
US,CO67
US,CO70
US,CO76
US,CO80
US,CO82
US,CO83
US,CO84
US,CO89
US,CO90
US,CO92
US,CO93
US,CO94
US,CO95
US,CO96
US,CO97
US,CO99
CA,
CA,
CA,
CA,
CA,
CA,
CA,
CA,
CA,
CA,
CA,
CA,
CA,
CA,
CA,
CA,
CA,
CA,
CA,
CA,
CA,
CA,
CA,
CA,
CA,
CA,
CA,
CA,
CA,
CA,
CA,
CA,
CA,
CA,
CA,
CA,
CA,
CA,
CA,
CA,
CA,
CA,
CA,
CA,
CA,
CA,
CA,
CA,
CA,
CA,
CA,
CA,
CA,
CA,
CA,
CA,
CA,
CA,
CA,
CA,
CA,
CA,
CA,
CA,
CA,
CA,
CA,
CA,
CA,
CA,
CA,
CA,
CA,
CA,
CA,
CA,
CA,
CA,
CA,
CA,
CA,
CA,
CA,
CA,
CA,
CA,
CA,
CA,
CA,
CA,
CA,
CA,
CA,
CA,
CA,
CA,
CA,
CA,
CA,
CA,
CA,
CA,
CA,
CA,
CA,
CA,
CA,
CA,
CA,
CA,
CA,
CA,
CA,
CA,
CA,
CA,
CA,
CA,
CA,
CA,
CA,
CA,
CA,
CA,
CA,
CA,
CA,
CA,
CA,
CA,
CA,
CA,
CA,
CA,
CA,
CA,
CA,
CA,
CA,
US,CT01
US,CT07
US,CT09
US,CT11
US,CT13
US,CT14
US,CT15
US,CT19
US,CT20
US,CT24
US,CT29
US,CT36
US,CT39
US,CT42
US,CT43
US,CT48
US,CT52
US,CT59
US,CT66
US,CT74
US,CT80
US,CT85
US,CT96
CA,
CA,
CA,
CA,
CA,
CA,
CA,
CA,
CA,
CA,
CA,
CA,
CA,
CA,
CA,
CA,
CA,
CA,
CA,
CA,
CA,
CA,
CA,
CA,
CA,
CA,
CA,
CA,
CA,
CA,
CA,
CA,
CA,
CA,
CA,
CA,
CA,
CA,
CA,
CA,
CA,
CA,
CA,
CA,
CA,
CA,
CA,
CA,
CA,
CA,
CA,
CA,
CA,
CA,
CA,
CA,
CA,
CA,
CA,
CA,
CA,
CA,
CA,
CA,
CA,
CA,
CA,
CA,
CA,
CA,
CA,
CA,
CA,
CA,
CA,
CA,
CA,
CA,
CA,
CA,
CA,
CA,
CA,
CA,
CA,
CA,
CA,
CA,
CA,
CA,
CA,
CA,
CA,
CA,
CA,
CA,
CA,
CA,
CA,
CA,
CA,
CA,
CA,
CA,
CA,
CA,
CA,
CA,
CA,
CA,
CA,
CA,
CA,
CA,
CA,
CA,
CA,
CA,
CA,
CA,
CA,
CA,
CA,
CA,
CA,
CA,
CA,
CA,
CA,
CA,
CA,
CA,
CA,
CA,
CA,
CA,
CA,
CA,
CA,
CA,
CA,
CA,
CA,
CA,
CA,
CA,
CA,
CA,
CA,
CA,
CA,
CA,
CA,
CA,
CA,
CA,
CA,
CA,
CA,
CA,
CA,
CA,
CA,
CA,
CA,
CA,
CA,
CA,
CA,
CA,
CA,
CA,
CA,
CA,
CA,
CA,
CA,
CA,
CA,
CA,
CA,
CA,
CA,
CA,
CA,
CA,
CA,
CA,
CA,
CA,
CA,
CA,
CA,
CA,
CA,
CA,
CA,
CA,
CA,
CA,
CA,
CA,
CA,
CA,
CA,
CA,
CA,
CA,
CA,
CA,
CA,
CA,
CA,
CA,
CA,
CA,
CA,
CA,
CA,
CA,
CA,
CA,
CA,
CA,
CA,
CA,
CA,
CA,
CA,
CA,
CA,
CA,
CA,
CA,
CA,
CA,
CA,
CA,
CA,
CA,
CA,
CA,
CA,
CA,
CA,
CA,
CA,
CA,
CA,
CA,
CA,
CA,
CA,
CA,
CA,
CA,
CA,
CA,
CA,
CA,
CA,
CA,
CA,
CA,
CA,
CA,
CA,
CA,
CA,
CA,
CA,
CA,
CA,
CA,
CA,
CA,
CA,
CA,
CA,
CA,
CA,
CA,
CA,
CA,
CA,
CA,
CA,
CA,
CA,
CA,
CA,
CA,
CA,
CA,
CA,
CA,
CA,
CA,
CA,
CA,
CA,
CA,
CA,
CA,
CA,
CA,
CA,
CA,
CA,
CA,
CA,
CA,
CA,
CA,
CA,
CA,
CA,
CA,
CA,
CA,
CA,
CA,
CA,
CA,
CA,
CA,
CA,
CA,
CA,
CA,
CA,
CA,
CA,
CA,
CA,
CA,
CA,
CA,
CA,
CA,
CA,
CA,
CA,
CA,
CA,
CA,
CA,
CA,
CA,
CA,
CA,
CA,
CA,
CA,
CA,
CA,
CA,
CA,
CA,
CA,
CA,
CA,
CA,
CA,
CA,
CA,
CA,
CA,
CA,
CA,
CA,
CA,
CA,
CA,
CA,
CA,
CA,
CA,
CA,
CA,
CA,
CA,
CA,
CA,
CA,
CA,
CA,
CA,
CA,
CA,
CA,
CA,
CA,
CA,
CA,
CA,
CA,
CA,
CA,
CA,
CA,
CA,
CA,
CA,
CA,
CA,
CA,
CA,
CA,
CA,
CA,
CA,
CA,
CA,
CA,
CA,
CA,
CA,
CA,
CA,
CA,
CA,
CA,
CA,
CA,
DZ,
DZ,
DZ,
DZ,
DZ,
DZ,
DZ,
DZ,
DZ,
DZ,
DZ,
DZ,
DZ,
DZ,
DZ,
DZ,
DZ,
DZ,
DZ,
DZ,
DZ,
DZ,
DZ,
DZ,
DZ,
DZ,
DZ,
DZ,
DZ,
DZ,
AU,
DZ,
DZ,
DZ,
DZ,
DZ,
DZ,
DZ,
DZ,
DZ,
DZ,
DZ,
DZ,
DZ,
DZ,
DZ,
DZ,
DZ,
DZ,
DZ,
DZ,
DZ,
DZ,
DZ,
DZ,
DZ,
DZ,
BJ,
BJ,
BJ,
BJ,
BJ,
BJ,
BJ,
BJ,
BJ,
US,DE00
US,DE09
US,DE14
US,DE15
US,DE17
US,DE20
US,DE21
US,DE23
US,DE25
US,DE32
US,DE34
BF,
BF,
BF,
BF,
BF,
BF,
BF,
BF,
BF,
BF,
BF,
BF,
BF,
BF,
BF,
BF,
BF,
BF,
BF,
BF,
BF,
BF,
BF,
BF,
BF,
BF,
BF,
BF,
BF,
BF,
BF,
BF,
BF,
BF,
BF,
BF,
BF,
BF,
BF,
BF,
BF,
BF,
BF,
BF,
BF,
BF,
BF,
BF,
BF,
GH,
GH,
GH,
GH,
GH,
GH,
GH,
GH,
CI,
CI,
CI,
CI,
CI,
CI,
CI,
CI,
CI,
CI,
CI,
CI,
CI,
CI,
CI,
CI,
CI,
CI,
CI,
CI,
CI,
CI,
CI,
CI,
NG,
NG,
NG,
NG,
NG,
NG,
NG,
NG,
NG,
NG,
NG,
NG,
NG,
NG,
NG,
NG,
NG,
NG,
NG,
NG,
NG,
NG,
NG,
NG,
NG,
NG,
NG,
NG,
NG,
NG,
NE,
NE,
NE,
NE,
NE,
NE,
NE,
NE,
NE,
NE,
NE,
NE,
NE,
NE,
NE,
NE,
NE,
NE,
NE,
NE,
NE,
NE,
NE,
TN,
TN,
TN,
TN,
TN,
TN,
TN,
TN,
TN,
TN,
TN,
TN,
TN,
TN,
TG,
TG,
TG,
TG,
TG,
TG,
TG,
BE,
BE,
BE,
BE,
BE,
BE,
BE,
BE,
BE,
BE,
BE,
BE,
BE,
BE,
BE,
BE,
BE,
BE,
BE,
BE,
BE,
BE,
BE,
BE,
BE,
BE,
BE,
BE,
BE,
BE,
BE,
BE,
BE,
BE,
BE,
BE,
BE,
BE,
BE,
BE,
BE,
BE,
BE,
BE,
BE,
BE,
BE,
BE,
BE,
BE,
BE,
BE,
BE,
BE,
BE,
BE,
BE,
BE,
BE,
DE,
DE,
DE,
DE,
DE,
DE,
DE,
DE,
DE,
DE,
DE,
DE,
DE,
DE,
DE,
DE,
DE,
DE,
DE,
DE,
DE,
DE,
DE,
DE,
DE,
DE,
DE,
DE,
DE,
DE,
DE,
DE,
DE,
DE,
DE,
DE,
DE,
DE,
DE,
DE,
DE,
DE,
DE,
DE,
DE,
DE,
DE,
DE,
DE,
DE,
DE,
DE,
DE,
DE,
DE,
DE,
DE,
DE,
DE,
DE,
DE,
DE,
DE,
DE,
DE,
DE,
DE,
DE,
DE,
DE,
DE,
DE,
DE,
DE,
DE,
DE,
DE,
DE,
DE,
DE,
DE,
DE,
DE,
DE,
DE,
DE,
DE,
DE,
DE,
DE,
DE,
DE,
DE,
DE,
DE,
DE,
DE,
DE,
DE,
DE,
DE,
DE,
DE,
DE,
DE,
DE,
DE,
DE,
DE,
DE,
DE,
DE,
DE,
DE,
DE,
DE,
DE,
DE,
DE,
DE,
DE,
DE,
DE,
DE,
DE,
DE,
DE,
DE,
DE,
DE,
DE,
DE,
DE,
DE,
DE,
DE,
DE,
DE,
DE,
DE,
DE,
DE,
DE,
DE,
DE,
DE,
DE,
DE,
DE,
DE,
DE,
DE,
DE,
DE,
DE,
DE,
DE,
DE,
DE,
DE,
DE,
DE,
DE,
DE,
DE,
DE,
DE,
DE,
DE,
DE,
DE,
DE,
DE,
DE,
DE,
DE,
DE,
DE,
DE,
DE,
DE,
DE,
DE,
DE,
DE,
DE,
DE,
DE,
DE,
DE,
DE,
DE,
DE,
DE,
DE,
DE,
DE,
DE,
DE,
DE,
DE,
DE,
DE,
DE,
DE,
DE,
DE,
DE,
DE,
DE,
DE,
DE,
DE,
DE,
DE,
DE,
DE,
DE,
DE,
DE,
DE,
DE,
DE,
DE,
DE,
DE,
DE,
DE,
DE,
DE,
DE,
DE,
DE,
DE,
DE,
DE,
DE,
DE,
DE,
DE,
DE,
DE,
DE,
DE,
DE,
DE,
DE,
DE,
DE,
DE,
DE,
DE,
DE,
DE,
DE,
DE,
DE,
DE,
DE,
DE,
DE,
DE,
DE,
DE,
DE,
DE,
DE,
DE,
DE,
DE,
DE,
DE,
DE,
DE,
DE,
DE,
DE,
DE,
DE,
DE,
DE,
DE,
DE,
DE,
DE,
DE,
DE,
DE,
DE,
DE,
DE,
DE,
DE,
DE,
DE,
DE,
DE,
DE,
DE,
DE,
DE,
DE,
DE,
DE,
DE,
DE,
DE,
DE,
DE,
DE,
DE,
DE,
DE,
DE,
DE,
DE,
DE,
DE,
DE,
DE,
DE,
DE,
DE,
DE,
DE,
DE,
DE,
DE,
DE,
DE,
DE,
DE,
DE,
DE,
DE,
DE,
DE,
DE,
DE,
DE,
DE,
DE,
DE,
DE,
DE,
DE,
DE,
DE,
DE,
DE,
DE,
DE,
DE,
DE,
DE,
DE,
DE,
DE,
DE,
DE,
DE,
DE,
DE,
DE,
DE,
DE,
DE,
DE,
DE,
DE,
DE,
DE,
DE,
DE,
DE,
DE,
DE,
DE,
DE,
DE,
DE,
DE,
DE,
DE,
DE,
DE,
DE,
DE,
DE,
DE,
DE,
DE,
DE,
DE,
DE,
DE,
DE,
DE,
DE,
DE,
DE,
DE,
DE,
DE,
DE,
DE,
DE,
DE,
DE,
DE,
DE,
DE,
DE,
DE,
DE,
DE,
DE,
DE,
DE,
DE,
DE,
DE,
DE,
DE,
DE,
DE,
DE,
DE,
DE,
DE,
DE,
DE,
DE,
EE,
EE,
EE,
EE,
EE,
EE,
EE,
EE,
EE,
EE,
EE,
EE,
EE,
EE,
EE,
FI,
FI,
FI,
FI,
FI,
FI,
FI,
FI,
FI,
FI,
FI,
FI,
FI,
FI,
FI,
FI,
FI,
FI,
FI,
FI,
FI,
FI,
FI,
FI,
FI,
FI,
FI,
FI,
FI,
FI,
FI,
FI,
FI,
FI,
FI,
FI,
FI,
FI,
FI,
FI,
FI,
FI,
FI,
FI,
FI,
FI,
FI,
FI,
FI,
FI,
FI,
FI,
FI,
FI,
FI,
FI,
FI,
FI,
FI,
FI,
FI,
FI,
FI,
FI,
FI,
FI,
FI,
FI,
FI,
FI,
FI,
FI,
FI,
FI,
FI,
FI,
FI,
FI,
FI,
FI,
FI,
FI,
FI,
FI,
FI,
FI,
FI,
FI,
FI,
GB,
GB,
GB,
GB,
GB,
GB,
GB,
GB,
GB,
GB,
GB,
GB,
GB,
GB,
GB,
GB,
GB,
AQ,
GB,
AQ,
GB,
GB,
GB,
GB,
GB,
GB,
GB,
GB,
GB,
GB,
GB,
GB,
GB,
GB,
GB,
GB,
GB,
GB,
GB,
GB,
GB,
GB,
GB,
GB,
GB,
GB,
GB,
GB,
GB,
GB,
GB,
GB,
GB,
GB,
GB,
GB,
GB,
GB,
GB,
GB,
GB,
GB,
GB,
GB,
GB,
GB,
GB,
GB,
GB,
GB,
GB,
GB,
GB,
GB,
GB,
GB,
GB,
GB,
GB,
GB,
GB,
GB,
GB,
GB,
GB,
GB,
GB,
GB,
GB,
GB,
GB,
GB,
GB,
GB,
GB,
GB,
GB,
GB,
GB,
GB,
GB,
GG,
GG,
JE,
GB,
GB,
GB,
GB,
GB,
GB,
GB,
GB,
GB,
GB,
GB,
GB,
GB,
GB,
GB,
GB,
GB,
GB,
GB,
GB,
GB,
GB,
GB,
GB,
GB,
GB,
GB,
GB,
GB,
GB,
GB,
GB,
GB,
GB,
GB,
GB,
GB,
GB,
GB,
IM,
GB,
GB,
GB,
GB,
GB,
GB,
GB,
GB,
GB,
GB,
GB,
GB,
GB,
GB,
GB,
GB,
GB,
GB,
GB,
GB,
GB,
GB,
GB,
GB,
GB,
GB,
GB,
GB,
GB,
GB,
GB,
GB,
GB,
GB,
GB,
GB,
GB,
GB,
GB,
GB,
GB,
GB,
GB,
GB,
GB,
GB,
GB,
GB,
GB,
GB,
GB,
GB,
GB,
GB,
GB,
GB,
GB,
GB,
GB,
GB,
GB,
GB,
GB,
GB,
GB,
GB,
GB,
GB,
GB,
GB,
GB,
GB,
GB,
GB,
GB,
GB,
GB,
GB,
GB,
GB,
GB,
GB,
GB,
GB,
GB,
GB,
GB,
GB,
GB,
GB,
GB,
GB,
GB,
GB,
GB,
GB,
GB,
GB,
GB,
GB,
GB,
GB,
GB,
GB,
GB,
FK,
NL,
NL,
NL,
NL,
NL,
NL,
NL,
NL,
NL,
NL,
NL,
NL,
NL,
NL,
NL,
NL,
NL,
NL,
NL,
NL,
NL,
NL,
NL,
NL,
NL,
NL,
NL,
IE,
IE,
IE,
IE,
IE,
IE,
IE,
IE,
IE,
IE,
IE,
IE,
IE,
IE,
IE,
IE,
IE,
IE,
IE,
IE,
IE,
IE,
IE,
IE,
IE,
IE,
IE,
IE,
IE,
IE,
IE,
IE,
IE,
IE,
IE,
IE,
IE,
IE,
IE,
IE,
IE,
IE,
DK,
DK,
DK,
DK,
DK,
DK,
DK,
DK,
DK,
DK,
DK,
DK,
DK,
DK,
DK,
DK,
DK,
DK,
DK,
DK,
DK,
DK,
DK,
DK,
DK,
DK,
DK,
DK,
DK,
DK,
DK,
DK,
DK,
DK,
DK,
DK,
DK,
DK,
DK,
DK,
DK,
DK,
DK,
DK,
DK,
DK,
FO,
DK,
DK,
DK,
LU,
LU,
LU,
NO,
NO,
NO,
NO,
NO,
NO,
NO,
NO,
NO,
NO,
NO,
NO,
NO,
NO,
NO,
NO,
NO,
NO,
NO,
NO,
NO,
NO,
NO,
NO,
NO,
NO,
NO,
NO,
NO,
NO,
NO,
NO,
NO,
NO,
NO,
NO,
NO,
NO,
NO,
NO,
NO,
NO,
NO,
NO,
NO,
NO,
NO,
NO,
NO,
NO,
NO,
NO,
NO,
NO,
NO,
NO,
NO,
NO,
NO,
NO,
NO,
NO,
NO,
NO,
NO,
NO,
NO,
NO,
NO,
NO,
NO,
NO,
NO,
NO,
NO,
NO,
NO,
NO,
NO,
NO,
NO,
NO,
NO,
NO,
PL,
PL,
PL,
PL,
PL,
PL,
PL,
PL,
PL,
PL,
PL,
PL,
PL,
PL,
PL,
PL,
PL,
PL,
PL,
PL,
PL,
PL,
PL,
PL,
PL,
PL,
PL,
PL,
PL,
PL,
PL,
PL,
PL,
PL,
PL,
PL,
PL,
PL,
PL,
PL,
PL,
PL,
PL,
PL,
PL,
PL,
PL,
PL,
PL,
PL,
PL,
PL,
PL,
PL,
PL,
PL,
PL,
PL,
PL,
PL,
PL,
PL,
PL,
PL,
PL,
PL,
PL,
PL,
PL,
PL,
PL,
PL,
PL,
PL,
PL,
PL,
PL,
PL,
PL,
PL,
PL,
PL,
PL,
PL,
PL,
PL,
PL,
PL,
PL,
PL,
PL,
PL,
PL,
PL,
PL,
PL,
SE,
SE,
SE,
SE,
SE,
SE,
SE,
SE,
SE,
SE,
SE,
SE,
SE,
SE,
SE,
SE,
SE,
SE,
SE,
SE,
SE,
SE,
SE,
SE,
SE,
SE,
SE,
SE,
SE,
SE,
SE,
SE,
SE,
SE,
SE,
SE,
SE,
SE,
SE,
SE,
SE,
SE,
SE,
SE,
SE,
SE,
SE,
SE,
SE,
SE,
SE,
SE,
SE,
SE,
SE,
SE,
SE,
SE,
SE,
SE,
SE,
SE,
SE,
SE,
SE,
SE,
SE,
SE,
SE,
SE,
SE,
SE,
SE,
SE,
SE,
SE,
SE,
SE,
SE,
SE,
SE,
SE,
SE,
SE,
SE,
SE,
SE,
SE,
SE,
SE,
SE,
SE,
SE,
SE,
SE,
SE,
SE,
SE,
SE,
SE,
SE,
SE,
SE,
SE,
SE,
SE,
SE,
SE,
SE,
SE,
SE,
SE,
SE,
SE,
SE,
SE,
SE,
SE,
SE,
SE,
SE,
SE,
SE,
SE,
SE,
SE,
SE,
SE,
SE,
SE,
SE,
SE,
SE,
SE,
SE,
SE,
SE,
SE,
SE,
SE,
SE,
SE,
SE,
SE,
SE,
SE,
SE,
SE,
SE,
SE,
SE,
SE,
SE,
DE,
DE,
DE,
DE,
DE,
DE,
DE,
DE,
DE,
DE,
DE,
DE,
DE,
DE,
DE,
DE,
DE,
DE,
DE,
DE,
DE,
DE,
DE,
DE,
DE,
DE,
DE,
DE,
DE,
DE,
DE,
DE,
DE,
DE,
DE,
DE,
DE,
DE,
DE,
DE,
DE,
DE,
DE,
DE,
DE,
LV,
LV,
LV,
LV,
LV,
LV,
LV,
LV,
LV,
LV,
LV,
LV,
LV,
LV,
LV,
LV,
LT,
LT,
LT,
LT,
LT,
LT,
LT,
LT,
LT,
LT,
LT,
LT,
LT,
LT,
LT,
LT,
LT,
LT,
LT,
LT,
LT,
LT,
LT,
LT,
LT,
LT,
LT,
LT,
LT,
LT,
LT,
LT,
LT,
LT,
LT,
US,FA02
US,FA08
US,FA09
US,FA11
US,FA18
US,FA24
US,FA25
US,FA26
US,FA29
US,FA30
US,FA35
US,FA36
US,FA37
US,FA38
US,FA40
US,FA42
US,FA43
US,FA49
US,FA50
US,FA51
US,FA54
US,FA55
US,FA60
US,FA62
US,FA69
US,FA71
US,FA74
US,FA81
US,FA83
US,FA86
US,FA88
US,FA89
US,FA93
US,FA99
ZA,
ZA,
ZA,
ZA,
ZA,
ZA,
ZA,
ZA,
ZA,
ZA,
ZA,
ZA,
ZA,
ZA,
ZA,
ZA,
ZA,
ZA,
ZA,
ZA,
ZA,
ZA,
ZA,
ZA,
ZA,
ZA,
ZA,
ZA,
ZA,
ZA,
ZA,
ZA,
ZA,
ZA,
ZA,
ZA,
ZA,
ZA,
ZA,
ZA,
ZA,
ZA,
ZA,
ZA,
ZA,
ZA,
ZA,
ZA,
ZA,
ZA,
ZA,
ZA,
ZA,
ZA,
ZA,
ZA,
ZA,
ZA,
ZA,
ZA,
ZA,
ZA,
ZA,
ZA,
ZA,
ZA,
ZA,
ZA,
ZA,
ZA,
ZA,
ZA,
ZA,
ZA,
ZA,
ZA,
ZA,
ZA,
ZA,
ZA,
ZA,
ZA,
ZA,
ZA,
ZA,
ZA,
ZA,
ZA,
ZA,
ZA,
ZA,
ZA,
ZA,
ZA,
ZA,
ZA,
ZA,
ZA,
ZA,
ZA,
ZA,
ZA,
ZA,
ZA,
ZA,
ZA,
ZA,
ZA,
ZA,
ZA,
ZA,
ZA,
ZA,
ZA,
ZA,
ZA,
ZA,
ZA,
ZA,
ZA,
ZA,
ZA,
ZA,
ZA,
ZA,
ZA,
ZA,
ZA,
ZA,
ZA,
ZA,
ZA,
ZA,
ZA,
ZA,
ZA,
ZA,
ZA,
ZA,
ZA,
ZA,
ZA,
ZA,
ZA,
ZA,
ZA,
ZA,
ZA,
ZA,
ZA,
ZA,
ZA,
ZA,
ZA,
ZA,
ZA,
ZA,
ZA,
ZA,
ZA,
ZA,
ZA,
ZA,
ZA,
ZA,
ZA,
ZA,
ZA,
ZA,
ZA,
ZA,
ZA,
ZA,
ZA,
ZA,
ZA,
ZA,
ZA,
ZA,
ZA,
ZA,
ZA,
ZA,
ZA,
ZA,
ZA,
ZA,
ZA,
ZA,
ZA,
ZA,
ZA,
ZA,
ZA,
ZA,
ZA,
ZA,
ZA,
ZA,
ZA,
ZA,
ZA,
ZA,
ZA,
ZA,
ZA,
ZA,
ZA,
ZA,
ZA,
ZA,
ZA,
ZA,
ZA,
ZA,
ZA,
ZA,
ZA,
ZA,
ZA,
ZA,
ZA,
ZA,
ZA,
ZA,
ZA,
ZA,
ZA,
ZA,
ZA,
ZA,
ZA,
ZA,
ZA,
ZA,
ZA,
ZA,
ZA,
ZA,
ZA,
ZA,
ZA,
ZA,
ZA,
ZA,
ZA,
ZA,
ZA,
ZA,
ZA,
ZA,
ZA,
ZA,
ZA,
ZA,
ZA,
ZA,
ZA,
ZA,
ZA,
ZA,
ZA,
ZA,
ZA,
ZA,
ZA,
ZA,
ZA,
ZA,
ZA,
ZA,
ZA,
ZA,
ZA,
ZA,
ZA,
ZA,
ZA,
ZA,
ZA,
ZA,
ZA,
ZA,
ZA,
ZA,
ZA,
ZA,
ZA,
ZA,
ZA,
ZA,
ZA,
ZA,
ZA,
ZA,
ZA,
ZA,
ZA,
ZA,
ZA,
ZA,
ZA,
ZA,
ZA,
ZA,
ZA,
ZA,
ZA,
ZA,
ZA,
ZA,
ZA,
ZA,
ZA,
ZA,
ZA,
ZA,
ZA,
ZA,
ZA,
ZA,
ZA,
ZA,
BW,
BW,
BW,
BW,
BW,
BW,
BW,
BW,
BW,
BW,
BW,
BW,
BW,
BW,
BW,
BW,
BW,
BW,
BW,
BW,
BW,
BW,
BW,
BW,
BW,
BW,
BW,
BW,
BW,
BW,
BW,
BW,
CG,
CG,
CG,
CG,
CG,
CG,
CG,
CG,
CG,
CG,
CG,
CG,
CG,
CG,
CG,
CG,
CG,
CG,
CG,
CG,
CG,
CG,
CG,
CG,
CG,
CG,
CG,
CG,
CG,
CG,
CG,
CG,
CG,
CG,
CG,
CG,
CG,
CG,
CG,
CG,
CG,
CG,
CG,
CG,
CG,
CG,
CG,
CG,
US,FD02
US,FD03
US,FD04
US,FD08
US,FD09
US,FD10
US,FD14
US,FD15
US,FD16
US,FD20
US,FD22
US,FD24
US,FD25
US,FD26
US,FD27
US,FD29
US,FD30
US,FD31
US,FD33
US,FD35
US,FD37
US,FD38
US,FD39
US,FD42
US,FD44
US,FD48
US,FD49
US,FD50
US,FD51
US,FD53
US,FD55
US,FD57
US,FD59
US,FD61
US,FD63
US,FD70
US,FD71
US,FD72
US,FD74
US,FD77
US,FD81
US,FD83
US,FD84
US,FD86
US,FD88
US,FD89
US,FD90
US,FD92
US,FD93
US,FD94
US,FD95
SZ,
SZ,
SZ,
SZ,
SZ,
SZ,
SZ,
SZ,
SZ,
SZ,
SZ,
SZ,
SZ,
SZ,
SZ,
SZ,
CF,
CF,
CF,
CF,
CF,
CF,
CF,
CF,
CF,
CF,
CF,
CF,
CF,
CF,
CF,
CF,
CF,
CF,
CF,
CF,
CF,
CF,
CF,
CF,
CF,
CF,
CF,
CF,
CF,
CF,
CF,
CF,
CF,
CF,
GQ,
GQ,
SH,
SH,
MU,
MU,
MU,
IO,
CM,
CM,
CM,
CM,
CM,
CM,
CM,
CM,
CM,
CM,
CM,
CM,
CM,
CM,
CM,
CM,
CM,
CM,
CM,
CM,
CM,
CM,
CM,
CM,
CM,
CM,
US,FL01
US,FL02
US,FL03
US,FL07
US,FL08
US,FL09
US,FL10
US,FL11
US,FL12
US,FL13
US,FL16
US,FL17
US,FL18
US,FL19
US,FL27
US,FL28
US,FL29
US,FL31
US,FL33
US,FL34
US,FL35
US,FL36
US,FL37
US,FL40
US,FL41
US,FL43
US,FL50
US,FL52
US,FL54
US,FL57
US,FL58
US,FL59
US,FL60
US,FL61
US,FL62
US,FL66
US,FL67
US,FL74
US,FL75
US,FL77
US,FL78
US,FL80
US,FL81
US,FL82
US,FL83
US,FL84
US,FL86
US,FL88
US,FL90
US,FL95
US,FL97
US,FL99
ZM,
ZM,
ZM,
ZM,
ZM,
ZM,
ZM,
ZM,
ZM,
ZM,
ZM,
ZM,
ZM,
ZM,
ZM,
ZM,
ZM,
ZM,
ZM,
ZM,
ZM,
ZM,
ZM,
ZM,
ZM,
ZM,
ZM,
ZM,
ZM,
ZM,
ZM,
ZM,
ZM,
ZM,
ZM,
ZM,
ZM,
ZM,
ZM,
ZM,
ZM,
ZM,
ZM,
ZM,
ZM,
ZM,
ZM,
ZM,
ZM,
ZM,
ZM,
ZM,
ZM,
ZM,
ZM,
ZM,
ZM,
ZM,
ZM,
ZM,
ZM,
ZM,
ZM,
ZM,
ZM,
ZM,
ZM,
ZM,
ZM,
ZM,
ZM,
ZM,
ZM,
ZM,
MG,
KM,
KM,
KM,
KM,
YT,
RE,
RE,
MG,
MG,
MG,
MG,
MG,
MG,
MG,
MG,
MG,
MG,
MG,
MG,
MG,
MG,
MG,
MG,
MG,
MG,
MG,
MG,
MG,
MG,
MG,
MG,
MG,
MG,
MG,
MG,
MG,
MG,
MG,
MG,
MG,
MG,
MG,
MG,
MG,
MG,
MG,
MG,
MG,
MG,
MG,
MG,
MG,
MG,
MG,
MG,
MG,
MG,
MG,
MG,
MG,
MG,
MG,
MG,
MG,
MG,
MG,
MG,
MG,
MG,
MG,
AO,
AO,
AO,
AO,
AO,
AO,
AO,
AO,
AO,
AO,
AO,
AO,
AO,
AO,
AO,
AO,
AO,
AO,
AO,
AO,
AO,
AO,
AO,
AO,
AO,
AO,
AO,
AO,
AO,
AO,
AO,
AO,
AO,
AO,
AO,
AO,
AO,
AO,
AO,
AO,
AO,
AO,
AO,
AO,
AO,
GA,
GA,
GA,
GA,
GA,
GA,
GA,
GA,
GA,
GA,
GA,
GA,
GA,
GA,
GA,
GA,
GA,
GA,
GA,
GA,
GA,
GA,
GA,
GA,
GA,
GA,
GA,
ST,
ST,
MZ,
MZ,
MZ,
MZ,
MZ,
MZ,
MZ,
MZ,
MZ,
MZ,
MZ,
MZ,
MZ,
MZ,
MZ,
MZ,
MZ,
MZ,
MZ,
MZ,
MZ,
MZ,
MZ,
MZ,
MZ,
SC,
SC,
SC,
SC,
SC,
SC,
SC,
SC,
SC,
SC,
SC,
SC,
SC,
SC,
TD,
TD,
TD,
TD,
TD,
TD,
TD,
TD,
TD,
TD,
TD,
TD,
TD,
TD,
TD,
TD,
TD,
TD,
TD,
TD,
ZW,
ZW,
ZW,
ZW,
ZW,
ZW,
ZW,
ZW,
ZW,
ZW,
ZW,
ZW,
ZW,
ZW,
ZW,
ZW,
ZW,
ZW,
ZW,
ZW,
ZW,
ZW,
ZW,
ZW,
ZW,
ZW,
ZW,
ZW,
ZW,
ZW,
ZW,
ZW,
ZW,
ZW,
ZW,
ZW,
ZW,
ZW,
ZW,
ZW,
ZW,
ZW,
ZW,
ZW,
ZW,
ZW,
ZW,
ZW,
ZW,
ZW,
ZW,
ZW,
ZW,
ZW,
ZW,
ZW,
ZW,
ZW,
ZW,
ZW,
ZW,
ZW,
ZW,
ZW,
ZW,
ZW,
ZW,
ZW,
ZW,
ZW,
ZW,
ZW,
ZW,
ZW,
ZW,
ZW,
ZW,
ZW,
ZW,
ZW,
ZW,
ZW,
MW,
MW,
MW,
MW,
MW,
MW,
MW,
MW,
MW,
MW,
MW,
MW,
MW,
MW,
MW,
MW,
MW,
MW,
MW,
MW,
MW,
MW,
MW,
MW,
MW,
MW,
MW,
LS,
LS,
LS,
LS,
LS,
LS,
LS,
LS,
LS,
LS,
LS,
LS,
LS,
LS,
LS,
LS,
LS,
LS,
LS,
LS,
LS,
LS,
LS,
LS,
LS,
LS,
LS,
LS,
LS,
LS,
LS,
LS,
LS,
NA,
NA,
NA,
NA,
NA,
NA,
NA,
NA,
NA,
NA,
NA,
NA,
NA,
NA,
NA,
NA,
NA,
NA,
NA,
NA,
NA,
NA,
NA,
NA,
NA,
NA,
NA,
NA,
NA,
NA,
NA,
NA,
NA,
NA,
NA,
NA,
NA,
NA,
NA,
NA,
NA,
NA,
NA,
NA,
NA,
NA,
NA,
NA,
NA,
NA,
NA,
NA,
NA,
NA,
NA,
NA,
NA,
NA,
NA,
NA,
NA,
NA,
NA,
CD,
CD,
CD,
CD,
CD,
CD,
CD,
CD,
CD,
CD,
CD,
CD,
CD,
CD,
CD,
CD,
CD,
CD,
CD,
CD,
CD,
CD,
CD,
CD,
CD,
CD,
CD,
CD,
CD,
CD,
CD,
CD,
CD,
CD,
CD,
CD,
CD,
CD,
CD,
CD,
CD,
CD,
CD,
CD,
CD,
CD,
CD,
CD,
CD,
CD,
CD,
CD,
CD,
CD,
CD,
CD,
CD,
CD,
CD,
CD,
CD,
CD,
CD,
CD,
CD,
CD,
CD,
CD,
CD,
CD,
CD,
CD,
CD,
CD,
CD,
CD,
CD,
CD,
CD,
CD,
CD,
CD,
CD,
CD,
CD,
CD,
CD,
CD,
CD,
CD,
CD,
CD,
CD,
CD,
CD,
CD,
CD,
CD,
CD,
CD,
CD,
CD,
CD,
CD,
CD,
CD,
CD,
CD,
CD,
CD,
CD,
CD,
CD,
CD,
CD,
CD,
CD,
CD,
CD,
CD,
CD,
CD,
CD,
CD,
CD,
CD,
CD,
CD,
CD,
CD,
CD,
CD,
CD,
CD,
CD,
CD,
CD,
CD,
CD,
CD,
CD,
CD,
CD,
CD,
CD,
CD,
CD,
CD,
CD,
CD,
CD,
CD,
CD,
CD,
CD,
CD,
CD,
CD,
CD,
CD,
CD,
CD,
CD,
CD,
CD,
CD,
CD,
CD,
CD,
CD,
CD,
CD,
CD,
CD,
CD,
CD,
CD,
CD,
CD,
CD,
CD,
CD,
CD,
CD,
CD,
CD,
CD,
CD,
CD,
CD,
CD,
CD,
CD,
CD,
CD,
CD,
CD,
CD,
CD,
CD,
CD,
CD,
CD,
CD,
CD,
CD,
CD,
CD,
CD,
CD,
CD,
CD,
CD,
CD,
CD,
CD,
CD,
CD,
CD,
CD,
CD,
CD,
CD,
CD,
CD,
CD,
CD,
CD,
CD,
CD,
CD,
CD,
CD,
CD,
CD,
CD,
CD,
CD,
CD,
CD,
CD,
CD,
CD,
CD,
CD,
CD,
CD,
CD,
CD,
CD,
CD,
CD,
CD,
CD,
CD,
CD,
CD,
CD,
CD,
CD,
CD,
CD,
CD,
US,GA00
US,GA01
US,GA03
US,GA04
US,GA06
US,GA10
US,GA14
US,GA16
US,GA18
US,GA19
ML,
US,GA20
US,GA21
US,GA22
US,GA23
US,GA29
US,GA30
US,GA31
US,GA35
US,GA36
US,GA39
US,GA42
US,GA43
US,GA44
US,GA45
US,GA46
US,GA47
US,GA48
US,GA49
US,GA50
US,GA53
US,GA59
US,GA61
US,GA62
US,GA65
US,GA67
US,GA68
US,GA72
US,GA73
US,GA74
US,GA75
US,GA76
US,GA77
US,GA80
US,GA81
US,GA82
US,GA83
US,GA86
US,GA87
US,GA89
US,GA90
US,GA92
US,GA94
US,GA95
US,GA98
US,GA99
ML,
ML,
ML,
ML,
ML,
ML,
ML,
ML,
ML,
ML,
ML,
ML,
ML,
ML,
ML,
ML,
ML,
ML,
ML,
ML,
ML,
ML,
ML,
ML,
ML,
ML,
ML,
ML,
ML,
GM,
ES,
ES,
ES,
ES,
ES,
ES,
ES,
ES,
ES,
US,GE01
US,GE04
US,GE05
US,GE11
US,GE12
US,GE20
US,GE21
US,GE26
US,GE27
US,GE30
US,GE33
US,GE35
US,GE53
US,GE72
US,GE99
ES,
SL,
SL,
SL,
SL,
SL,
SL,
SL,
SL,
SL,
GW,
GW,
GW,
GW,
GW,
LR,
LR,
LR,
LR,
LR,
LR,
LR,
LR,
LR,
LR,
LR,
MA,
MA,
MA,
MA,
MA,
MA,
MA,
MA,
MA,
MA,
MA,
MA,
MA,
MA,
EH,
MA,
MA,
MA,
MA,
EH,
MA,
MA,
EH,
MA,
MA,
MA,
MA,
MA,
MA,
MA,
MA,
MA,
MA,
MA,
MA,
SN,
SN,
SN,
SN,
SN,
SN,
SN,
SN,
SN,
SN,
SN,
SN,
SN,
SN,
SN,
MR,
MR,
MR,
MR,
MR,
MR,
MR,
MR,
MR,
MR,
MR,
MR,
MR,
MR,
MR,
MR,
MR,
MR,
MR,
MR,
GN,
GN,
GN,
GN,
GN,
GN,
GN,
GN,
GN,
GN,
GN,
GN,
GN,
GN,
CV,
CV,
CV,
CV,
CV,
CV,
CV,
CV,
CV,
CV,
ET,
ET,
ET,
ET,
ET,
ET,
ET,
ET,
ET,
ET,
ET,
ET,
ET,
ET,
ET,
ET,
ET,
ET,
ET,
ET,
ET,
ET,
ET,
ET,
ET,
ET,
ET,
ET,
ET,
ET,
ET,
ET,
ET,
ET,
ET,
ET,
ET,
ET,
ET,
ET,
ET,
ET,
ET,
BI,
BI,
BI,
SO,
SO,
SO,
SO,
SO,
SO,
SO,
SO,
SO,
SO,
SO,
SO,
SO,
SO,
SO,
SO,
SO,
SO,
SO,
DJ,
DJ,
DJ,
DJ,
DJ,
DJ,
DJ,
DJ,
DJ,
EG,
EG,
EG,
EG,
EG,
EG,
EG,
EG,
EG,
EG,
EG,
EG,
EG,
EG,
EG,
EG,
EG,
EG,
EG,
EG,
EG,
EG,
EG,
EG,
EG,
EG,
EG,
EG,
EG,
EG,
EG,
EG,
EG,
EG,
EG,
EG,
ER,
ER,
ER,
ER,
US,HI01
US,HI03
US,HI05
US,HI23
US,HI27
US,HI28
US,HI33
US,HI46
US,HI49
KE,
KE,
KE,
KE,
KE,
KE,
KE,
KE,
KE,
KE,
KE,
KE,
KE,
KE,
KE,
KE,
KE,
KE,
KE,
KE,
KE,
KE,
KE,
KE,
KE,
KE,
KE,
KE,
KE,
KE,
KE,
KE,
KE,
KE,
KE,
KE,
KE,
KE,
KE,
KE,
KE,
KE,
KE,
KE,
KE,
KE,
KE,
KE,
LY,
LY,
LY,
LY,
LY,
LY,
LY,
LY,
LY,
LY,
LY,
LY,
LY,
LY,
LY,
LY,
LY,
LY,
LY,
LY,
LY,
LY,
LY,
LY,
LY,
LY,
LY,
LY,
LY,
LY,
LY,
LY,
LY,
LY,
LY,
LY,
LY,
LY,
LY,
LY,
LY,
LY,
LY,
LY,
LY,
LY,
RW,
RW,
RW,
RW,
RW,
RW,
RW,
SS,
SD,
SS,
SS,
SS,
SD,
SD,
SD,
SD,
SD,
SD,
SD,
SD,
SD,
SD,
SD,
SD,
SD,
SD,
SS,
SS,
SD,
SS,
SS,
SD,
SD,
SD,
SD,
SS,
SD,
SD,
SD,
SS,
SS,
SD,
SS,
SS,
SS,
SD,
SS,
SD,
SD,
SS,
SS,
SS,
SS,
SS,
SS,
SS,
SD,
TZ,
TZ,
TZ,
TZ,
TZ,
TZ,
TZ,
TZ,
TZ,
TZ,
TZ,
TZ,
TZ,
TZ,
TZ,
TZ,
TZ,
TZ,
TZ,
TZ,
TZ,
TZ,
TZ,
TZ,
TZ,
TZ,
TZ,
TZ,
TZ,
TZ,
TZ,
TZ,
TZ,
TZ,
TZ,
TZ,
TZ,
TZ,
TZ,
TZ,
TZ,
TZ,
TZ,
TZ,
TZ,
TZ,
TZ,
TZ,
TZ,
TZ,
TZ,
TZ,
TZ,
TZ,
TZ,
TZ,
TZ,
TZ,
TZ,
UG,
UG,
UG,
UG,
UG,
UG,
UG,
UG,
UG,
UG,
UG,
UG,
UG,
UG,
US,IA01
US,IA02
US,IA05
US,IA07
US,IA11
US,IA12
US,IA16
US,IA18
US,IA20
US,IA21
US,IA23
US,IA24
US,IA26
US,IA27
US,IA30
US,IA31
US,IA32
US,IA35
US,IA38
US,IA41
US,IA42
US,IA43
US,IA51
US,IA54
US,IA56
US,IA58
US,IA59
US,IA61
US,IA62
US,IA63
US,IA68
US,IA70
US,IA76
US,IA77
US,IA83
US,IA84
US,IA85
US,IA86
US,IA94
US,ID00
US,ID01
US,ID04
US,ID05
US,ID06
US,ID07
US,ID09
US,ID10
US,ID11
US,ID12
US,ID13
US,ID16
US,ID17
US,ID19
US,ID21
US,ID22
US,ID23
US,ID24
US,ID25
US,ID26
US,ID27
US,ID28
US,ID29
US,ID31
US,ID32
US,ID33
US,ID35
US,ID39
US,ID40
US,ID41
US,ID42
US,ID43
US,ID44
US,ID45
US,ID48
US,ID50
US,ID51
US,ID52
US,ID56
US,ID57
US,ID59
US,ID60
US,ID61
US,ID62
US,ID63
US,ID65
US,ID67
US,ID68
US,ID70
US,ID72
US,ID74
US,ID75
US,ID76
US,ID77
US,ID78
US,ID79
US,ID82
US,ID83
US,ID84
US,ID85
US,ID86
US,ID87
US,ID88
US,ID90
US,ID92
US,ID93
US,ID94
US,ID95
US,ID96
US,ID97
US,IG03
US,IG05
US,IG07
US,II03
US,II06
US,II07
US,II08
US,II09
US,II12
US,II13
US,II16
US,II18
US,II21
US,II26
US,II27
US,II28
US,II30
US,II32
US,II38
US,II43
US,II52
US,II54
US,II59
US,II67
US,II68
US,II70
US,II74
US,II77
US,II79
US,II82
US,II84
US,II85
US,II87
US,II89
US,II91
US,II93
US,II95
US,II97
US,IL01
US,IL02
US,IL05
US,IL07
US,IL11
US,IL12
US,IL15
US,IL16
US,IL22
US,IL23
US,IL24
US,IL27
US,IL28
US,IL29
US,IL32
US,IL34
US,IL36
US,IL38
US,IL39
US,IL45
US,IL47
US,IL48
US,IL51
US,IL52
US,IL53
US,IL55
US,IL56
US,IL57
US,IL60
US,IL64
US,IL65
US,IL68
US,IL71
US,IL76
US,IL78
US,IL80
US,IL81
US,IL82
US,IL83
US,IL84
US,IL85
US,IL86
US,IL87
US,IL88
US,IL91
US,IL93
US,IL94
US,IL95
US,IL97
US,IL99
US,IN00
US,IN01
US,IN02
US,IN03
US,IN04
US,IN05
US,IN07
US,IN08
US,IN09
US,IN10
US,IN11
US,IN12
US,IN14
US,IN15
US,IN16
US,IN18
US,IN20
US,IN21
US,IN23
US,IN26
US,IN27
US,IN29
US,IN30
US,IN31
US,IN32
US,IN33
US,IN34
US,IN36
US,IN38
US,IN39
US,IN41
US,IN43
US,IN44
US,IN45
US,IN46
US,IN49
US,IN50
US,IN51
US,IN53
US,IN54
US,IN55
US,IN56
US,IN57
US,IN58
US,IN60
US,IN62
US,IN63
US,IN65
US,IN69
US,IN70
US,IN72
US,IN80
US,IN81
US,IN82
US,IN83
US,IN85
US,IN87
US,IN88
US,IN90
US,IN91
US,IN93
US,IN99
US,IS00
US,IS02
US,IS08
US,IS15
US,IS19
US,IS24
US,IS26
US,IS33
US,IS34
US,IS41
US,IS51
US,IS54
US,IS55
US,IS56
US,IS57
US,IS59
US,IS65
US,IS66
US,IS78
US,IS80
US,IS83
US,IS86
US,IS88
US,IS93
US,JB01
US,JY04
US,JY08
US,JY24
US,JY31
US,JY39
US,JY43
US,JY73
US,00C
US,00F
US,00M
US,00N
US,00R
US,00S
US,00U
US,00W
US,01A
US,01G
US,01J
US,01K
US,01M
US,01T
US,01U
US,02A
US,02C
US,02G
US,02T
US,03B
US,03D
MH,03N
US,03S
US,04A
US,04G
US,04M
US,04V
US,04W
US,04Y
US,05C
US,05D
US,05N
US,05S
US,05U
US,05V
US,05Y
US,06A
US,06C
US,06D
US,06M
US,06N
US,06U
US,06Y
US,07A
US,07F
US,07K
US,07N
US,07R
US,07S
US,07V
US,07Y
US,08A
US,08B
US,08C
US,08D
US,08F
US,08K
US,08M
US,08N
US,08R
US,08U
US,09A
US,09J
US,09K
US,09M
US,09N
US,09R
US,09S
US,09T
US,0A3
US,0A4
US,0A7
US,0A8
US,0A9
US,0AK
US,0B1
US,0B2
US,0B4
US,0B5
US,0B7
US,0B8
US,0C0
US,0C1
US,0C2
US,0C4
US,0C5
US,0C8
US,0D7
US,0D8
US,0.00E+00
US,0.00E+00
US,0.00E+00
US,0F2
US,0F3
US,0F4
US,0F7
US,0F9
US,0G3
US,0G6
US,0G7
US,0H1
US,0H7
US,0I2
US,0I8
US,0ID
US,0J0
US,0J4
US,0J8
US,0K6
US,0K7
US,0L4
US,0L7
US,0L9
US,0M0
US,0M2
US,0M3
US,0M4
US,0M5
US,0M8
US,0M9
US,0N0
US,0N4
US,0N6
US,0O2
US,0O4
US,0O9
US,0P1
US,0P2
US,0P8
US,0Q3
US,0Q4
US,0Q5
US,0Q9
US,0R0
US,0R1
US,0R2
US,0R4
US,0R5
US,0R6
US,0R7
US,0S0
US,0S1
US,0S5
US,0S7
US,0S9
US,0U0
US,0U1
US,0U2
US,0U3
US,0U7
US,0U8
US,0U9
US,0V3
US,0V4
US,0V7
US,0VG
US,0W3
US,0Y6
US,10C
US,10D
US,10G
US,10U
US,10X
US,11A
US,11K
US,11N
US,11R
US,11S
US,11V
US,11Y
US,12A
US,12D
US,12G
US,12J
US,12K
US,12N
US,12S
US,12V
US,12Y
US,13C
US,13K
US,13Q
US,13W
US,13Y
US,14A
US,14G
US,14J
US,14M
US,14N
US,14S
US,14Y
US,15A
US,15F
US,15G
US,15J
US,15M
US,15N
US,15W
US,16D
US,16G
US,16J
US,16S
US,16W
US,16X
US,17A
US,17G
US,17J
US,17K
US,17M
US,17N
US,17S
US,17V
US,18A
US,18I
US,18K
US,18T
US,18V
US,18Y
US,19M
US,19N
US,19S
US,1A1
US,1A2
US,1A3
US,1A4
US,1A5
US,1A6
US,1A7
US,1A8
US,1A9
US,1B0
US,1B1
US,1B2
US,1B5
US,1B6
US,1B8
US,1B9
US,1BT
US,1C1
US,1C3
US,1C5
US,1C8
US,1C9
US,1D1
US,1D2
US,1D3
US,1D4
US,1D6
US,1D7
US,1D8
US,1DA
US,1DS
US,1.00E+02
US,1.00E+04
US,1.00E+07
US,1.00E+08
US,1F0
US,1F2
US,1F4
US,1F5
US,1F7
US,1G0
US,1G1
US,1G3
US,1G4
US,1G5
US,1G8
US,1H0
US,1H1
US,1H2
US,1H3
US,1H4
US,1H5
US,1H6
US,1H8
US,1H9
US,1I1
US,1I3
US,1I5
US,1I8
US,1I9
US,1J9
US,1K1
US,1K2
US,1K4
US,1K5
US,1K6
US,1K7
US,1K8
US,1K9
US,1KC
US,1KS
US,1L1
US,1L3
US,1L4
US,1L7
US,1L8
US,1L9
US,1M2
US,1M3
US,1M4
US,1M5
US,1M6
US,1M7
US,1M8
US,1M9
US,1MO
US,1N1
US,1N3
US,1N5
US,1N7
US,1O1
US,1O2
US,1O3
US,1O4
US,1O5
US,1O6
US,1O8
US,1OK
US,1P1
US,1PP
US,1Q1
US,1Q2
US,1Q4
US,1Q5
MH,1Q9
US,1QK
US,1R1
US,1R4
US,1R7
US,1R8
US,1RL
US,1S1
US,1S2
US,1S3
US,1S4
US,1S5
US,1S6
US,1S7
US,1S8
US,1S9
US,1T7
US,1U0
US,1U1
US,1U2
US,1U3
US,1U4
US,1U6
US,1U7
US,1U9
US,1V0
US,1V2
US,1V6
US,1V8
US,1W1
US,1W3
US,1WF
US,1X1
US,1Y3
US,1Y5
US,1Y9
US,1Z1
US,20A
US,20K
US,20M
US,20N
US,20T
US,20U
US,20V
US,21D
US,21F
US,21N
US,21W
US,22D
US,22F
US,22I
US,22M
US,22N
US,22S
US,22T
US,23D
US,23M
US,23N
US,23R
US,23S
US,23W
US,24A
US,24C
US,24F
US,24J
US,24K
US,24M
US,24N
US,24R
US,24S
US,25D
US,25J
US,25M
US,25U
US,26A
US,26N
US,26R
US,26U
US,26W
US,27C
US,27K
US,27P
US,27R
US,27W
US,28A
US,28J
US,28M
US,28N
US,28U
US,29C
US,29D
US,29F
US,29N
US,29S
US,2A0
US,2A1
US,2A2
US,2A6
US,2A8
US,2AK
US,2AN
US,2B1
US,2B2
US,2B3
US,2B6
US,2B7
US,2B9
US,2C5
US,2C6
US,2C8
US,2CB
US,2D1
US,2D5
US,2D7
US,2.00E+02
US,2.00E+05
US,2.00E+06
US,2.00E+07
US,2.00E+08
US,2F0
US,2F1
US,2F4
US,2F6
US,2F7
US,2G1
US,2G2
US,2G4
US,2G5
US,2G8
US,2G9
US,2GC
US,2H0
US,2H2
US,2H5
US,2H9
US,2I0
US,2I3
US,2IS
US,2J0
US,2J3
US,2J5
US,2J8
US,2J9
US,2K1
US,2K4
US,2K5
US,2K6
US,2K7
US,2K8
US,2K9
US,2KL
US,2L0
US,2L1
US,2M0
US,2M1
US,2M2
US,2M4
US,2M7
US,2M8
US,2MO
US,2N2
US,2N4
US,2N5
US,2N6
US,2O1
US,2O3
US,2O6
US,2O7
US,2O8
US,2P2
US,2P7
US,2Q0
US,2Q9
US,2R0
US,2R1
US,2R2
US,2R4
US,2R5
US,2R6
US,2R7
US,2R9
US,2RR
US,2S0
US,2S1
US,2S2
US,2S4
US,2S5
US,2S6
US,2S7
US,2S8
US,2S9
US,2T1
US,2T2
US,2TX
US,2U0
US,2U4
US,2U5
US,2U7
US,2U8
US,2V5
US,2V6
US,2VA
US,2W1
US,2W2
US,2W3
US,2W5
US,2W6
US,2Y1
US,2Y4
US,2Z2
US,2Z3
US,30F
US,30K
US,30M
US,31D
US,31E
US,32A
US,32S
US,33A
US,33J
US,33K
US,33M
US,33N
US,33R
US,33S
US,33U
US,33V
US,34G
US,34M
US,34R
US,35A
US,35C
US,35D
US,35S
US,35X
US,36K
US,36S
US,37F
US,37M
US,37N
US,37S
US,37T
US,37V
US,38C
US,38D
US,38I
US,38K
US,38N
US,38S
US,38U
US,38W
US,39G
US,39K
US,39N
US,39P
US,39T
US,39Z
US,3A2
US,3A4
US,3A5
US,3A9
US,3AK
US,3AU
US,3B0
US,3B1
US,3B3
US,3B4
US,3B5
US,3B8
US,3C1
US,3CK
US,3CM
US,3CU
US,3D1
US,3D2
US,3D8
US,3DA
US,3DW
US,3.00E+00
US,3EV
US,3EX
US,3F2
US,3F3
US,3F4
US,3F5
US,3F6
US,3F7
US,3F9
US,3FK
US,3FU
US,3G2
US,3G3
US,3G4
US,3G5
US,3G6
US,3G8
US,3G9
US,3GM
US,3GV
US,3H4
US,3HO
US,3I2
US,3I3
US,3I4
US,3I7
US,3J0
US,3J1
US,3J6
US,3JC
US,3K3
US,3K7
US,3K8
US,3KK
US,3L2
US,3L7
US,3LF
US,3M0
US,3M5
US,3M7
US,3M8
US,3M9
US,3MY
MH,3N0
MH,3N1
US,3N6
US,3N8
US,3NP
US,3O1
US,3O3
US,3O4
US,3O5
US,3O8
US,3O9
US,3P3
US,3Q0
US,3R2
US,3R4
US,3R7
US,3R8
US,3R9
US,3RC
US,3S4
US,3S5
US,3S6
US,3S7
US,3S8
US,3S9
US,3T0
US,3T2
US,3T3
US,3T4
US,3T5
US,3T6
US,3T7
US,3T8
US,3T9
US,3TA
US,3TE
US,3TR
US,3TX
US,3U0
US,3U1
US,3U2
US,3U3
US,3U4
US,3U5
US,3U7
US,3U8
US,3U9
US,3V0
US,3VS
US,3W2
US,3W3
US,3W5
US,3W6
US,3W7
US,3W8
US,3W9
US,3X5
US,3Y2
US,3Y3
US,3Y4
US,3Y7
US,3Z1
US,40C
US,40D
US,40G
US,40I
US,40U
US,41C
US,41F
US,41G
US,41N
US,41U
US,42A
US,42B
US,42C
US,42I
US,42J
US,42M
US,42U
US,42V
US,43A
US,43B
US,43D
US,43G
US,43K
US,43Y
US,44A
US,44B
US,44C
US,44G
US,44M
US,44N
US,44T
US,44U
US,45G
US,45K
US,45R
US,45S
US,46D
US,46U
US,47K
US,47N
US,47V
US,47Y
US,48A
US,48D
US,48G
US,48I
US,48K
US,48S
US,48U
US,48X
US,48Y
US,49A
US,49B
US,49C
US,49F
US,49G
US,49K
US,49N
US,49R
US,49U
US,49X
US,4A2
US,4A4
US,4A5
US,4A6
US,4A9
US,4AK
US,4B0
US,4B1
US,4B6
US,4B7
US,4B8
US,4B9
US,4C2
US,4C4
US,4C7
US,4C8
US,4D0
US,4D1
US,4D2
US,4D8
US,4D9
US,4.00E+07
US,4.00E+08
US,4F1
US,4F2
US,4F7
US,4F8
US,4F9
US,4G1
US,4G2
US,4G4
US,4G5
US,4G7
US,4G8
US,4I3
US,4I9
US,4J1
US,4J2
US,4J5
US,4J8
US,4K0
US,4K5
US,4K6
US,4KS
US,4M0
US,4M1
US,4M2
US,4M3
US,4M4
US,4M5
US,4M7
US,4M8
US,4M9
US,4MB
US,4N0
US,4N1
US,4N2
US,4N4
US,4N7
US,4O1
US,4O4
US,4O5
US,4O7
US,4P3
US,4R1
US,4R3
US,4R5
US,4R6
US,4R7
US,4R9
US,4S1
US,4S2
US,4S4
US,4S5
US,4S6
US,4S7
US,4S9
US,4T2
US,4U6
US,4U7
US,4U9
US,4V0
US,4V1
US,4V4
US,4V6
US,4V8
US,4V9
US,4W0
US,4W4
US,4X4
US,4Y1
US,4Y4
US,4Y8
US,4Y9
US,4Z5
US,4Z9
US,50D
US,50F
US,50G
US,50I
US,50K
US,50R
US,50S
US,51A
US,51D
US,51G
US,51J
US,51K
US,51M
US,51R
US,51Z
US,52A
US,52F
US,52I
US,52J
US,52K
US,52S
US,52U
US,52Y
US,53A
US,53K
US,53T
US,53U
US,53W
US,54J
US,54M
US,54T
US,54W
US,55D
US,55G
US,55H
US,55I
US,55K
US,55M
US,55S
US,55T
US,55Y
US,56C
US,56D
US,56F
US,56S
US,57B
US,57C
US,57D
US,57S
US,58C
US,58J
US,58M
US,58N
US,58S
US,58T
US,59B
US,59M
US,5A1
US,5A2
US,5A4
US,5A6
US,5A8
US,5A9
US,5B1
US,5B2
US,5B4
US,5B5
US,5B6
US,5B7
US,5B9
US,5BK
US,5C1
US,5C8
US,5CD
US,5D2
US,5D5
US,5D6
US,5D9
US,5.00E+09
US,5F0
US,5F1
US,5F4
US,5F5
US,5G0
US,5G4
US,5G7
US,5G8
US,5H4
US,5HO
US,5I2
US,5I4
US,5I6
US,5J5
US,5J9
US,5K0
US,5K1
US,5K2
US,5K4
US,5KS
US,5L0
US,5M0
US,5M1
US,5M4
US,5M5
US,5M6
US,5M8
US,5MO
US,5N2
US,5N4
US,5N7
US,5N8
US,5NK
US,5O1
US,5P2
US,5P5
US,5QC
US,5R1
US,5R2
US,5R4
US,5R7
US,5R8
US,5S0
US,5S1
US,5S2
US,5S4
US,5S5
US,5S6
US,5S9
US,5T4
US,5T9
US,5U0
US,5U1
US,5U5
US,5U6
US,5U7
US,5U8
US,5V4
US,5V5
US,5V8
US,5W1
US,5W4
US,5W5
US,5Y0
US,5Y1
US,5Y2
US,5Y3
US,5Y4
US,5Y7
US,5Z5
US,60C
US,60D
US,60F
US,60G
US,60J
US,60M
US,60R
US,61A
US,61C
US,61D
US,61K
US,61R
US,61S
US,62C
US,62D
US,62K
US,62S
US,63B
US,63C
US,63F
US,63K
US,63M
US,63S
US,63Y
US,64G
US,64I
US,64S
US,64V
US,65B
US,65G
US,65J
US,65S
US,66B
US,66G
US,66R
US,66S
US,66V
US,66Y
US,67L
US,67R
US,67S
US,67T
US,68C
US,68D
US,68F
US,68R
US,68S
US,68Y
US,69G
US,69K
US,69N
US,69S
US,69V
US,6A1
US,6A2
US,6A4
US,6A6
US,6AK
US,6B0
US,6B4
US,6B6
US,6B9
US,6CM
US,6D1
US,6D3
US,6D6
US,6D7
US,6D9
US,6.00E+05
US,6F1
US,6F7
US,6G1
US,6G4
US,6G5
US,6G6
US,6G8
US,6H4
US,6H8
US,6I2
US,6I4
US,6J0
US,6J2
US,6J4
US,6J6
US,6J7
US,6J8
US,6K2
US,6K3
US,6K4
US,6K5
US,6K7
US,6K9
US,6L3
US,6L4
US,6L5
US,6M0
US,6M2
US,6M6
US,6M7
US,6M8
US,6N7
US,6P3
US,6P7
US,6R1
US,6R3
US,6R5
US,6R6
US,6R7
US,6S0
US,6S1
US,6S2
US,6S3
US,6S4
US,6S6
US,6S8
US,6S9
US,6U5
US,6U6
US,6U7
US,6V0
US,6V4
US,6V5
US,6W0
US,6W4
US,6X0
US,6X8
US,6Y0
US,6Y1
US,6Y3
US,6Y4
US,6Y5
US,6Y6
US,6Y8
US,6Y9
US,6Z6
US,70D
US,70J
US,70S
US,70T
US,71J
US,71K
US,71N
US,72F
US,72K
US,72S
US,73C
US,73F
US,73S
US,74N
US,74P
US,74R
US,74S
US,74T
US,74V
US,75C
US,75G
US,75J
US,75K
US,76F
US,76G
US,76N
US,76T
US,76V
US,76Z
US,77F
US,77G
US,77S
US,78A
US,78I
US,78R
US,78Y
US,79C
US,79D
US,79J
US,79S
US,7A0
US,7A3
US,7A5
US,7A6
US,7A8
US,7B2
US,7B3
US,7B4
US,7B6
US,7B9
US,7C5
US,7D3
US,7D8
US,7D9
US,7F3
US,7F5
US,7F7
US,7G0
US,7G1
US,7G2
US,7G8
US,7G9
US,7I2
US,7I4
US,7K5
US,7K7
US,7K8
US,7L2
US,7L8
US,7M1
US,7M2
US,7M3
US,7M4
US,7M5
US,7M6
US,7M7
US,7M8
US,7M9
US,7MI
US,7N1
US,7N4
US,7N7
US,7N8
US,7NC
US,7P5
US,7Q7
US,7R9
US,7S0
US,7S2
US,7S3
US,7S4
US,7S5
US,7S6
US,7S7
US,7S8
US,7S9
US,7T0
US,7T7
US,7U8
US,7V2
US,7V3
US,7V5
US,7V7
US,7V8
US,7V9
US,7W1
US,7W4
US,7W5
US,7W6
US,7Y2
US,7Y3
US,7Y4
US,7Y9
US,80A
US,80C
US,80D
US,80F
US,80G
US,80S
US,80T
US,80V
US,81B
US,81D
US,81R
US,82A
US,82C
US,82J
US,82V
US,83D
US,83K
US,83V
US,84D
US,84R
US,84Y
US,85N
US,85U
US,86F
US,87I
US,87K
US,87Y
US,88C
US,88D
US,88M
US,88R
US,89D
US,89Y
US,8A0
US,8A1
US,8A3
US,8A7
US,8B0
US,8B1
US,8B2
US,8B5
US,8C2
US,8C4
US,8C5
US,8C6
US,8D1
US,8D3
US,8D4
US,8D7
US,8D8
US,8D9
US,8F3
US,8F5
US,8F6
US,8G1
US,8G2
US,8G3
US,8G6
US,8G8
US,8GK
US,8I1
US,8I3
US,8J7
US,8K0
US,8K2
US,8K8
US,8KA
US,8KS
US,8M1
US,8M2
US,8M6
US,8M7
US,8M8
US,8N1
US,8N2
US,8N4
US,8N8
US,8S0
US,8S1
US,8S2
US,8S3
US,8S4
US,8T6
US,8T8
US,8U0
US,8U1
US,8U2
US,8U3
US,8U4
US,8U6
US,8U8
US,8U9
US,8V2
US,8V3
US,8V6
US,8V7
US,8W2
US,8W3
US,8W5
US,8W9
US,8WC
US,8Y5
US,8Y6
US,8Y8
US,90F
US,91C
US,91F
US,91N
US,92C
US,92F
US,92G
US,93B
US,93C
US,93F
US,93Y
US,94C
US,94E
US,94K
US,94R
US,94Z
US,95D
US,95E
US,95F
US,95Z
US,96D
US,96G
US,97G
US,97M
US,97Y
US,98D
US,98G
US,98M
US,99A
US,99N
US,99V
US,9A0
US,9A4
US,9A5
US,9A8
US,9A9
US,9AK
US,9B8
US,9C8
US,9D0
US,9D1
US,9D2
US,9D4
US,9D7
US,9D9
US,9F0
US,9F8
US,9F9
US,9G0
US,9G1
US,9G2
US,9G3
US,9G5
US,9G6
US,9G8
US,9G9
US,9I0
US,9I3
US,9K0
US,9K6
US,9K7
US,9K8
US,9KS
US,9L2
US,9M4
US,9M6
US,9M8
US,9N1
US,9N3
US,9N7
US,9R5
US,9S1
US,9S2
US,9S3
US,9S4
US,9S5
US,9S7
US,9S9
US,A05
US,A08
US,A09
US,A13
US,A20
US,A24
US,A26
US,A28
US,A30
US,A32
US,A34
US,A39
US,A51
US,A57
US,A61
US,A63
US,A67
US,A68
US,A69
US,A77
US,A79
US,AAA
US,AAF
US,AAO
US,AAS
US,AAT
US,ABE
US,ABI
US,ABQ
US,ABR
US,ABY
US,ACB
US,ACJ
US,ACK
US,ACP
US,ACQ
US,ACT
US,ACV
US,ACY
US,ACZ
US,ADC
US,ADF
US,ADG
US,ADH
US,ADM
US,ADS
US,ADT
US,ADU
US,ADW
US,AEG
US,AEJ
US,AEL
US,AEX
US,AFF
US,AFJ
US,AFK
US,AFN
US,AFO
US,AFP
US,AFW
US,AGC
US,AGO
US,AGR
US,AGS
US,AGZ
US,AHC
US,AHH
US,AHN
US,AHQ
US,AIA
US,AIB
US,AID
US,AIG
US,AIK
US,AIO
US,AIT
US,AIV
US,AIZ
US,AJG
US,AJO
US,AJR
US,AJZ
US,AK0
US,AK1
US,AKH
US,AKO
US,AKQ
US,AKR
US,ALB
US,ALI
US,ALM
US,ALN
US,ALO
US,ALS
US,ALW
US,ALX
US,AMA
US,AMG
US,AMN
US,AMT
US,AMW
US,ANB
US,AND
US,ANE
PW,ANG
US,ANJ
US,ANK
US,ANP
US,ANQ
US,ANW
US,ANY
US,AOC
US,AOH
US,AOO
US,AOV
US,APA
US,APC
US,APF
US,APG
US,APH
US,APN
US,APS
US,APT
US,APV
US,APY
US,AQO
US,AQP
US,AQR
US,AQW
US,AQX
US,AQY
US,ARA
US,ARB
US,ARG
US,ARM
US,ARR
US,ART
US,ARV
US,ARW
US,ASD
US,ASE
US,ASG
US,ASH
US,ASJ
US,ASL
US,ASN
US,AST
US,ASW
US,ASX
US,ASY
US,ATA
US,ATL
US,ATS
US,ATW
US,ATY
US,AUG
US,AUH
US,AUM
US,AUN
US,AUO
US,AUS
US,AUW
US,AVC
US,AVK
US,AVL
US,AVO
US,AVP
US,AVQ
US,AVX
US,AWG
US,AWM
US,AWO
US,AXA
US,AXH
US,AXN
US,AXQ
US,AXS
US,AXV
US,AXX
US,AYS
US,AYX
US,AZC
US,AZE
US,AZO
US,AZU
US,B04
US,B06
US,B10
US,B16
US,B19
US,B21
US,B70
US,BAB
US,BAC
US,BAD
US,BAF
US,BAK
US,BAM
US,BAX
US,BAZ
US,BB0
US,BBB
US,BBD
US,BBG
US,BBP
US,BBW
US,BCB
US,BCE
US,BCK
US,BCR
US,BCT
US,BDE
US,BDG
US,BDH
US,BDJ
US,BDL
US,BDN
US,BDQ
US,BDR
US,BDU
US,BEA
US,BEC
US,BED
US,BEH
US,BFA
US,BFD
US,BFE
US,BFF
US,BFI
US,BFK
US,BFL
US,BFM
US,BFR
US,BGD
US,BGE
US,BGF
US,BGM
US,BGR
US,BHB
US,BHC
US,BHK
US,BHM
US,BID
US,BIE
US,BIF
US,BIH
US,BIJ
US,BIL
US,BIS
US,BIV
US,BIX
US,BJC
US,BJI
US,BJJ
US,BKD
US,BKE
US,BKF
US,BKL
US,BKN
US,BKS
US,BKT
US,BKV
US,BKW
US,BKX
US,BLF
US,BLH
US,BLI
US,BLM
US,BLU
US,BLV
US,BMC
US,BMG
US,BMI
US,BML
US,BMQ
US,BMT
US,BNA
US,BNG
US,BNL
US,BNO
US,BNW
US,BOI
US,BOK
US,BOS
US,BOW
US,BPG
US,BPI
US,BPK
US,BPT
US,BQ1
US,BQK
US,BQP
US,BQR
US,BRD
US,BRG
US,BRL
US,BRO
US,BRY
US,BST
US,BTA
US,BTF
US,BTL
US,BTM
US,BTN
US,BTP
US,BTR
US,BTV
US,BTY
US,BUB
US,BUF
US,BUM
US,BUR
US,BUU
US,BUY
US,BVI
US,BVN
US,BVO
US,BVS
US,BVU
US,BVX
US,BVY
US,BW8
US,BWC
US,BWD
US,BWG
US,BWI
US,BWP
US,BWW
US,BXA
US,BXG
US,BXK
US,BXM
US,BYA
US,BYG
US,BYH
US,BYI
US,BYL
US,BYS
US,BYY
US,BZN
US,C00
US,C01
US,C02
US,C03
US,C04
US,C08
US,C09
US,C11
US,C15
US,C16
US,C17
US,C20
PW,C23
US,C24
US,C25
US,C27
US,C29
MH,C30
US,C35
US,C37
US,C40
US,C43
US,C44
US,C47
US,C48
MH,C51
US,C53
US,C55
US,C56
US,C59
US,C62
US,C64
US,C65
US,C66
US,C71
US,C72
US,C73
US,C74
US,C75
US,C77
US,C80
US,C81
US,C82
US,C83
US,C89
US,C91
US,C92
US,C97
US,C98
US,CAD
US,CAE
US,CAG
US,CAK
US,CAO
US,CAR
US,CAV
US,CBE
US,CBF
US,CBG
US,CBK
US,CBM
US,CCA
US,CCB
US,CCO
US,CCR
US,CCY
US,CDA
US,CDC
US,CDH
US,CDI
US,CDK
US,CDN
US,CDR
US,CDS
US,CDW
US,CEA
US,CEC
US,CEF
US,CEK
US,CEU
US,CEV
US,CEW
US,CEY
US,CEZ
US,CFD
US,CFE
US,CFJ
US,CFO
US,CFS
US,CFT
US,CFV
US,CGA
US,CGC
US,CGE
US,CGF
US,CGI
US,CGS
US,CGZ
US,CHA
US,CHD
US,CHK
US,CHN
US,CHO
US,CHP
US,CHQ
US,CHS
US,CHT
US,CHU
US,CIC
US,CID
US,CII
US,CIN
US,CIR
US,CIU
US,CJJ
US,CJR
US,CKA
US,CKB
US,CKC
US,CKF
US,CKI
US,CKM
US,CKN
US,CKP
US,CKU
US,CKV
US,CKX
US,CKZ
US,CLE
US,CLI
US,CLK
US,CLL
US,CLM
US,CLR
US,CLS
US,CLT
US,CLW
US,CMA
US,CMD
US,CMH
US,CMI
US,CMR
US,CMX
US,CMY
US,CNB
US,CNC
US,CNH
US,CNI
US,CNK
US,CNM
US,CNO
US,CNP
US,CNU
US,CNW
US,CNY
US,CO4
US,COD
US,COE
US,COF
US,COI
US,COM
US,CON
US,COQ
US,COS
US,COT
US,COU
US,CPC
US,CPF
US,CPK
US,CPM
US,CPP
US,CPR
US,CPS
US,CPT
US,CPU
US,CQA
US,CQB
US,CQF
US,CQM
US,CQW
US,CQX
US,CRE
US,CRG
US,CRP
US,CRQ
US,CRS
US,CRT
US,CRW
US,CRX
US,CRZ
US,CSB
US,CSG
US,CSM
US,CSQ
US,CSR
US,CSV
US,CTB
US,CTJ
US,CTK
US,CTY
US,CTZ
US,CUB
US,CUH
US,CUL
US,CUT
US,CVB
US,CVC
US,CVG
US,CVH
US,CVK
US,CVN
US,CVO
US,CVS
US,CVX
US,CW0
US,CWA
US,CWC
US,CWF
US,CWI
US,CWV
US,CXC
US,CXE
US,CXL
US,CXO
US,CXP
US,CXU
US,CXW
US,CXY
US,CYO
US,CYS
US,CYW
US,CZD
US,CZG
US,CZK
US,CZL
US,CZN
US,CZO
US,CZT
US,D00
US,D02
US,D03
US,D05
US,D06
US,D07
US,D09
US,D11
US,D14
US,D15
US,D17
US,D20
US,D23
US,D24
US,D25
US,D29
US,D31
US,D32
US,D37
US,D39
US,D41
US,D42
US,D47
US,D49
US,D50
US,D51
US,D52
US,D54
US,D55
US,D56
US,D57
US,D58
US,D59
US,D60
US,D61
US,D63
US,D64
US,D65
US,D66
US,D73
US,D74
US,D79
US,D81
US,D82
US,D83
US,D86
US,D88
US,D90
US,D91
US,D95
US,D98
US,D99
US,DAA
US,DAB
US,DAF
US,DAG
US,DAL
US,DAN
US,DAW
US,DAY
US,DBN
US,DBQ
US,DCA
US,DCM
US,DCU
US,DCY
US,DDC
US,DDH
US,DDT
US,DEC
US,DED
US,DEH
US,DEN
US,DEQ
US,DET
US,DEW
US,DFI
US,DFW
US,DGL
US,DGW
US,DHN
US,DHT
US,DIJ
US,DIK
US,DKB
US,DKK
US,DKR
US,DKX
US,DLC
US,DLF
US,DLH
US,DLL
US,DLN
US,DLO
US,DLS
US,DLZ
US,DMA
US,DMN
US,DMO
US,DMW
US,DNA
US,DNL
US,DNN
US,DNS
US,DNV
US,DOV
US,DPA
US,DPG
US,DPL
US,DQH
US,DRI
US,DRM
US,DRO
US,DRP
US,DRT
US,DSM
US,DSV
US,DTA
US,DTG
US,DTL
US,DTN
US,DTO
US,DTS
US,DTW
US,DUA
US,DUB
US,DUC
US,DUG
US,DUH
US,DUJ
US,DUX
US,DVK
US,DVL
US,DVN
US,DVO
US,DVP
US,DVT
US,DWA
US,DWH
US,DWU
US,DWX
US,DXE
US,DXR
US,DXX
US,DYA
US,DYB
US,DYL
US,DYR
US,DYS
US,DYT
US,DZB
US,DZJ
US,E01
US,E02
US,E05
US,E06
US,E11
US,E13
US,E14
US,E16
US,E19
US,E24
US,E25
US,E26
US,E30
US,E32
US,E34
US,E35
US,E36
US,E37
US,E38
US,E40
US,E41
US,E42
US,E45
US,E48
US,E51
US,E52
US,E53
US,E55
US,E57
US,E58
US,E60
US,E63
US,E67
US,E70
US,E77
US,E78
US,E79
US,E81
US,E85
US,E89
US,E91
US,E92
US,E94
US,E95
US,E98
US,EAG
US,EAN
US,EAR
US,EAT
US,EAU
US,EBA
US,EBD
US,EBG
US,EBS
US,ECG
US,ECP
US,ECS
US,ECU
US,EDC
US,EDE
US,EDJ
US,EDN
US,EDU
US,EDW
US,EED
US,EEN
US,EEO
US,EET
US,EFC
US,EFD
US,EFK
US,EFT
US,EFW
US,EGE
US,EGI
US,EGQ
US,EGT
US,EGV
US,EHA
US,EHO
US,EHR
US,EIK
US,EIW
US,EKA
US,EKM
US,EKN
US,EKO
US,EKQ
US,EKS
US,EKX
US,EKY
US,ELA
US,ELD
US,ELK
US,ELM
US,ELN
US,ELO
US,ELP
US,ELY
US,ELZ
US,EMM
US,EMP
US,EMT
US,EMV
US,END
US,ENL
US,ENV
US,ENW
US,EOD
US,EOE
US,EOK
US,EOP
US,EOS
US,EPH
US,EPM
US,EQA
US,EQY
US,ERI
US,ERR
US,ERV
US,ERY
US,ESC
US,ESF
US,ESN
US,EST
US,ESW
US,ETB
US,ETC
US,ETH
US,ETN
US,EUF
US,EUG
US,EUL
US,EVB
US,EVM
US,EVU
US,EVV
US,EVW
US,EVY
US,EWB
US,EWK
US,EWN
US,EWR
US,EXX
US,EYE
US,EYF
US,EYW
US,EZF
US,EZI
US,EZM
US,EZS
US,EZZ
US,F00
US,F01
US,F05
US,F06
US,F08
US,F09
US,F10
US,F13
US,F14
US,F17
US,F21
US,F22
US,F23
US,F30
US,F31
US,F32
US,F34
US,F35
US,F36
US,F37
US,F41
US,F43
US,F44
US,F45
US,F46
US,F47
US,F49
US,F51
US,F53
US,F56
US,F62
US,F68
US,F69
US,F70
US,F72
US,F75
US,F78
US,F81
US,F82
US,F85
US,F86
US,F87
US,F88
US,F89
US,F92
US,F95
US,F98
US,F99
US,FAF
US,FAM
US,FAR
US,FAT
US,FAY
US,FBG
US,FBL
US,FBR
US,FBY
US,FCH
US,FCI
US,FCM
US,FCS
US,FCY
US,FDK
US,FDR
US,FDW
US,FDY
US,FEP
US,FET
US,FFA
US,FFC
US,FFL
US,FFM
US,FFO
US,FFT
US,FFX
US,FFZ
US,FGU
US,FGX
US,FHB
US,FHR
US,FHU
US,FIG
US,FIN
US,FIT
US,FKA
US,FKL
US,FKN
US,FKR
US,FKS
US,FLD
US,FLG
US,FLL
US,FLO
US,FLP
US,FLT
US,FLV
US,FLX
US,FLY
US,FME
US,FMH
US,FMM
US,FMN
US,FMY
US,FMZ
US,FNB
US,FNL
US,FNT
US,FOA
US,FOD
US,FOE
US,FOK
US,FOM
US,FOT
US,FOZ
US,FPK
US,FPR
US,FPY
US,FQD
US,FRG
US,FRH
US,FRI
US,FRM
US,FRR
US,FSD
US,FSE
US,FSI
US,FSK
US,FSM
US,FSO
US,FST
US,FSU
US,FSW
US,FTK
US,FTT
US,FTW
US,FTY
US,FUL
US,FVE
US,FVX
US,FWA
US,FWB
US,FWC
US,FWN
US,FWQ
US,FWS
US,FXE
US,FXY
US,FYE
US,FYG
US,FYJ
US,FYM
US,FYV
US,FZG
US,FZI
US,FZY
US,G05
US,GA2
US,GAB
US,GAD
US,GAF
US,GAG
US,GAI
US,GAO
US,GAS
US,GAX
US,GBD
US,GBG
US,GBR
US,GCC
US,GCD
US,GCK
US,GCM
US,GCN
US,GCT
US,GCY
US,GDA
US,GDB
US,GDJ
US,GDK
US,GDM
US,GDV
US,GDW
US,GED
US,GEG
US,GEO
US,GEU
US,GEV
US,GEY
US,GEZ
US,GFD
US,GFK
US,GFL
US,GFZ
US,GGE
US,GGF
US,GGG
US,GGI
US,GGP
US,GGW
US,GHG
US,GHM
US,GHW
US,GIC
US,GIF
US,GJT
US,GKJ
US,GKT
US,GKY
US,GLD
US,GLE
US,GLH
US,GLR
US,GLS
US,GLW
US,GLY
US,GMJ
US,GMU
US,GNB
US,GNC
US,GNF
US,GNG
US,GNT
US,GNU
US,GNV
US,GOK
US,GON
US,GOO
US,GOP
US,GOV
US,GPC
US,GPH
US,GPI
US,GPM
US,GPT
US,GPZ
US,GQQ
US,GRB
US,GRD
US,GRE
US,GRF
US,GRI
US,GRK
US,GRN
US,GRR
US,GSB
US,GSH
US,GSO
US,GSP
US,GTB
US,GTE
US,GTF
US,GTG
US,GTR
US,GTU
US,GUC
US,GUP
US,GUR
US,GUS
US,GUY
US,GVE
US,GVL
US,GVQ
US,GVT
US,GWB
US,GWO
US,GWR
US,GWS
US,GWW
US,GXF
US,GXY
US,GYB
US,GYH
US,GYI
US,GYL
US,GYR
US,GYY
US,GZH
US,GZL
US,GZN
US,GZS
US,H04
US,H05
US,H07
US,H17
US,H19
US,H28
US,H34
US,H35
US,H37
US,H47
US,H57
US,H58
US,H66
US,H68
US,H70
US,H71
US,H75
US,H76
US,H79
US,H80
US,H81
US,H88
US,H92
US,H96
US,H97
US,HAB
US,HAD
US,HAE
US,HAF
US,HAI
US,HAO
US,HBC
US,HBE
US,HBG
US,HBI
US,HBR
US,HBV
US,HBZ
US,HCD
US,HCO
US,HCR
US,HDC
US,HDE
US,HDL
US,HDN
US,HDO
US,HEE
US,HEF
US,HEG
US,HEI
US,HEQ
US,HES
US,HEZ
US,HFD
US,HFF
US,HFJ
US,HFY
US,HGR
US,HHF
US,HHG
US,HHR
US,HHW
US,HIB
US,HIE
US,HIF
US,HIG
US,HII
US,HIO
US,HJH
US,HJO
US,HKA
US,HKS
US,HKY
US,HLB
US,HLC
US,HLG
US,HLN
US,HLR
US,HLX
US,HMN
US,HMP
US,HMT
US,HMZ
US,HNB
US,HND
US,HNR
US,HNZ
US,HOB
US,HOC
US,HOE
US,HON
US,HOP
US,HOT
US,HOU
US,HPN
US,HPT
US,HPY
US,HQG
US,HQM
US,HQU
US,HQZ
US,HRF
US,HRI
US,HRJ
US,HRL
US,HRO
US,HRT
US,HRU
US,HRX
US,HSA
US,HSB
US,HSD
US,HSE
US,HSG
US,HSI
US,HSP
US,HSR
US,HST
US,HSV
US,HTF
US,HTH
US,HTL
US,HTS
US,HTW
US,HUA
US,HUF
US,HUL
US,HUM
US,HUT
US,HVC
US,HVE
US,HVN
US,HVR
US,HVS
US,HWD
US,HWO
US,HWQ
US,HWV
US,HWY
US,HXD
US,HXF
US,HYA
US,HYI
US,HYL
US,HYR
US,HYS
US,HYW
US,HYX
US,HZD
US,HZE
US,HZL
US,HZR
US,HZX
US,HZY
US,I06
US,I08
US,I10
US,I16
US,I17
US,I18
US,I20
US,I22
US,I23
US,I27
US,I34
US,I35
US,I40
US,I41
US,I42
US,I44
US,I45
US,I50
US,I54
US,I61
US,I63
US,I64
US,I66
US,I67
US,I68
US,I69
US,I71
US,I72
US,I73
US,I74
US,I75
US,I76
US,I80
US,I83
US,I86
US,I91
US,I92
US,I93
US,I95
US,I96
US,I99
US,IA8
US,IAB
US,IAD
US,IAG
US,IAH
US,IBM
US,IBN
US,ICL
US,ICR
US,ICT
US,ID8
US,IDA
US,IDG
US,IDI
US,IDL
US,IDP
US,IEN
US,IER
US,IFA
US,IFP
US,IGM
US,IGQ
US,IIB
US,IIY
US,IJD
US,IJX
US,IKG
US,IKK
US,IKV
US,IKW
US,ILE
US,ILG
US,ILM
US,ILN
US,IML
US,IMM
US,IMS
US,IMT
US,IND
US,INF
US,INJ
US,INK
US,INL
US,INS
US,INT
US,INW
US,IOB
US,IOW
US,IPJ
US,IPL
US,IPT
US,IRK
US,IRS
US,ISB
US,ISM
US,ISO
US,ISP
US,ISQ
US,ISW
US,ITH
US,ITR
US,IUA
US,IWA
US,IWD
US,IWH
US,IWI
US,IWS
US,IXA
US,IXD
US,IYA
US,IYK
US,IZA
US,IZG
US,JAC
US,JAN
US,JAQ
US,JAS
US,JAU
US,JAX
US,JBR
US,JCA
US,JCT
US,JDD
US,JDN
US,JEF
US,JER
US,JES
US,JFK
US,JFX
US,JFZ
US,JGG
US,JHN
US,JHW
US,JKA
US,JKJ
US,JKL
US,JLA
US,JLN
US,JMR
US,JMS
US,JNX
US,JOT
US,JPX
US,JQD
US,JQF
US,JRO
US,JSO
US,JST
US,JSV
US,JSY
US,JTC
US,JVL
US,JVW
US,JVY
US,JWG
US,JWN
US,JWY
US,JXI
US,JXN
US,JYG
US,JYL
US,JYM
US,JYO
US,JYR
US,JZI
US,JZP
US,K01
US,K06
US,K07
US,K08
US,K09
US,K11
US,K15
US,K16
US,K17
US,K19
US,K23
US,K24
US,K26
US,K29
US,K30
US,K31
US,K33
US,K34
US,K38
US,K43
US,K44
US,K49
US,K50
US,K51
US,K52
US,K55
US,K57
US,K58
US,K59
US,K61
US,K62
US,K63
US,K64
US,K65
US,K67
US,K68
US,K71
US,K74
US,K75
US,K77
US,K78
US,K79
US,K81
US,K82
US,K83
US,K87
US,K88
US,K89
US,K91
US,K94
US,K96
US,K98
US,KAE
US,KCL
US,KCR
US,KEB
US,KEK
US,KGZ
US,KIC
US,KKU
US,KLS
US,KNB
US,KWP
US,KY8
US,L00
US,L05
US,L06
US,L08
US,L09
US,L17
US,L18
US,L19
US,L20
US,L22
US,L23
US,L25
US,L26
US,L31
US,L32
US,L33
US,L35
US,L36
US,L37
US,L39
US,L41
US,L45
US,L51
US,L52
US,L53
US,L54
US,L61
US,L62
US,L65
US,L66
US,L70
US,L71
US,L72
US,L73
US,L77
US,L78
US,L83
US,L88
US,L90
US,L92
US,L94
US,LA3
US,LAA
US,LAF
US,LAL
US,LAM
US,LAN
US,LAR
US,LAS
US,LAW
US,LAX
US,LBB
US,LBE
US,LBF
US,LBL
US,LBO
US,LBR
US,LBT
US,LBX
US,LC0
US,LCG
US,LCH
US,LCI
US,LCK
US,LCQ
US,LDJ
US,LDM
US,LEB
US,LEE
US,LEM
US,LEW
US,LEX
US,LFI
US,LFK
US,LFT
US,LGA
US,LGB
US,LGC
US,LGD
US,LGF
US,LGU
US,LHB
US,LHM
US,LHQ
US,LHV
US,LHW
US,LHX
US,LHZ
US,LIC
US,LIT
US,LIU
US,LJF
US,LKP
US,LKR
US,LKU
US,LKV
US,LLJ
US,LLN
US,LLQ
US,LLR
US,LLU
US,LMO
US,LMS
US,LMT
US,LNA
US,LNC
US,LND
US,LNK
US,LNL
US,LNN
US,LNP
US,LNR
US,LNS
US,LOL
US,LOM
US,LOT
US,LOU
US,LOZ
US,LPC
US,LPR
US,LQK
US,LQR
US,LRD
US,LRF
US,LRG
US,LRJ
US,LRO
US,LRU
US,LRY
US,LSB
US,LSE
US,LSF
US,LSK
US,LSN
US,LSV
US,LTS
US,LTY
US,LUA
US,LUD
US,LUF
US,LUG
US,LUK
US,LUL
US,LUM
US,LUV
US,LUX
US,LVJ
US,LVK
US,LVL
US,LVM
US,LVN
US,LVS
US,LWA
US,LWB
US,LWC
US,LWD
US,LWL
US,LWM
US,LWS
US,LWT
US,LWV
US,LXL
US,LXN
US,LXT
US,LXV
US,LXY
US,LYH
US,LYO
US,LYV
US,LZD
US,LZU
US,LZZ
US,M01
US,M02
US,M04
US,M05
US,M08
US,M10
US,M11
US,M12
US,M13
US,M15
US,M17
US,M18
US,M19
US,M20
US,M21
US,M22
US,M23
US,M24
US,M25
US,M26
US,M27
US,M28
US,M29
US,M30
US,M31
US,M32
US,M34
US,M36
US,M37
US,M38
US,M40
US,M41
US,M42
US,M43
US,M44
US,M45
US,M46
US,M48
US,M50
US,M51
US,M53
US,M54
US,M55
US,M59
US,M60
US,M61
US,M66
US,M70
US,M71
US,M72
US,M73
US,M74
US,M75
US,M77
US,M78
US,M79
US,M80
US,M83
US,M85
US,M86
US,M91
US,M93
US,M94
US,M95
US,M99
US,MAC
US,MAE
US,MAF
US,MAI
US,MAL
US,MAN
US,MAO
US,MAW
US,MBG
US,MBL
US,MBO
US,MBS
US,MBT
US,MBY
US,MCB
US,MCC
US,MCD
US,MCE
US,MCF
US,MCI
US,MCK
US,MCN
US,MCO
US,MCW
US,MCX
US,MCZ
US,MD1
US,MDD
US,MDF
US,MDH
US,MDQ
US,MDS
US,MDT
US,MDW
US,MDZ
US,ME2
US,ME5
US,ME6
US,MEB
US,MEI
US,MEJ
US,MEM
US,MER
US,MEV
US,MEY
US,MEZ
US,MFD
US,MFE
US,MFI
US,MFR
US,MFV
US,MGC
US,MGE
US,MGG
US,MGJ
US,MGM
US,MGN
US,MGR
US,MGW
US,MGY
US,MHE
US,MHK
US,MHL
US,MHP
US,MHR
US,MHT
US,MHV
US,MI1
US,MIA
US,MIB
US,MIC
US,MIE
US,MIO
US,MIT
US,MIV
US,MIW
US,MJD
US,MJQ
US,MJX
US,MKA
US,MKC
US,MKE
US,MKG
US,MKJ
US,MKL
US,MKN
US,MKO
US,MKS
US,MKT
US,MKV
US,MKY
US,MLB
US,MLC
US,MLD
US,MLE
US,MLF
US,MLI
US,MLJ
US,MLS
US,MLT
US,MLU
US,MMH
US,MMI
US,MMK
US,MML
US,MMS
US,MMT
US,MMU
US,MMV
US,MNE
US,MNF
US,MNI
US,MNM
US,MNN
US,MNV
US,MNZ
US,MO1
US,MO2
US,MO3
US,MO5
US,MO8
US,MO9
US,MOB
US,MOD
US,MOP
US,MOR
US,MOS
US,MOT
US,MOX
US,MPE
US,MPG
US,MPI
US,MPJ
US,MPO
US,MPR
US,MPV
US,MPZ
US,MQB
US,MQI
US,MQJ
US,MQS
US,MQW
US,MQY
US,MRB
US,MRC
US,MRF
US,MRH
US,MRJ
US,MRN
US,MRT
US,MRY
US,MS9
US,MSL
US,MSN
US,MSO
US,MSP
US,MSS
US,MSV
US,MSY
US,MT3
US,MTC
US,MTF
US,MTH
US,MTJ
US,MTN
US,MTO
US,MTP
US,MTV
US,MTW
US,MUI
US,MUL
US,MUO
US,MUT
US,MVC
US,MVE
US,MVI
US,MVL
US,MVM
US,MVN
US,MVY
US,MWA
US,MWC
US,MWH
US,MWK
US,MWL
US,MWM
US,MWO
US,MXA
US,MXF
US,MXO
US,MYF
US,MYJ
US,MYK
US,MYL
US,MYR
US,MYV
US,MYZ
US,MZH
US,MZJ
US,MZZ
US,N03
US,N05
US,N06
US,N07
US,N08
US,N12
US,N13
US,N14
US,N15
US,N16
US,N17
MH,N18
US,N19
MH,N20
US,N22
US,N23
US,N24
US,N25
US,N26
US,N27
US,N29
US,N30
US,N35
MH,N36
US,N38
US,N40
US,N41
US,N43
US,N45
US,N47
US,N51
US,N52
MH,N55
US,N56
US,N57
US,N58
US,N59
US,N61
US,N63
US,N66
US,N68
US,N69
US,N71
US,N72
US,N74
US,N79
US,N81
US,N82
US,N83
US,N85
US,N87
US,N88
US,N89
US,N92
US,N94
US,N96
US,N97
US,N98
US,NBC
US,NBG
US,NBJ
US,NC2
US,NCA
US,NDY
US,NDZ
US,NEL
US,NEN
US,NEW
US,NFD
US,NFE
US,NFG
US,NFJ
US,NFL
US,NFW
US,NGP
US,NGS
US,NGT
US,NGU
US,NGW
US,NHK
US,NHU
US,NID
US,NIN
US,NIP
US,NJK
US,NJM
US,NJW
US,NKT
US,NKX
US,NLC
US,NM2
US,NMM
US,NOG
US,NOW
US,NPA
US,NQA
US,NQI
US,NQX
US,NRA
US,NRB
US,NRN
US,NRQ
US,NRS
US,NSE
US,NSI
US,NTD
US,NTU
US,NUC
US,NUI
US,NUQ
US,NUW
US,NVD
US,NWL
US,NXP
US,NY0
US,NY1
US,NYG
US,NYL
US,NZY
US,O02
US,O05
US,O08
US,O09
US,O13
US,O14
US,O15
US,O16
US,O18
US,O19
US,O20
US,O21
US,O22
US,O24
US,O26
US,O27
US,O28
US,O29
US,O32
US,O33
US,O35
US,O37
US,O38
US,O39
US,O41
US,O42
US,O43
US,O44
US,O45
US,O46
US,O47
US,O48
US,O52
US,O53
US,O54
US,O55
US,O57
US,O59
US,O60
US,O61
US,O62
US,O65
US,O68
US,O69
US,O74
US,O79
US,O81
US,O85
US,O86
US,O88
US,O89
US,OAJ
US,OAK
US,OAR
US,OBE
US,OBI
US,OCF
US,OCH
US,OCQ
US,OCW
US,ODO
US,ODX
US,OEB
US,OEL
US,OEO
US,OFF
US,OFK
US,OFP
US,OGA
US,OGB
US,OGD
US,OGM
US,OGS
US,OIC
US,OIN
US,OJA
US,OJC
US,OKB
US,OKC
US,OKH
US,OKK
US,OKM
US,OKS
US,OKV
US,OKZ
US,OLD
US,OLE
US,OLF
US,OLG
US,OLM
US,OLS
US,OLU
US,OLV
US,OLY
US,OLZ
US,OMA
US,OMH
US,OMK
US,OMN
US,ONA
US,ONL
US,ONM
US,ONO
US,ONP
US,ONT
US,ONX
US,ONY
US,ONZ
US,OOA
US,OPF
US,OPL
US,OPN
US,OQN
US,OQU
US,OQW
US,OR8
US,OR9
US,ORB
US,ORD
US,ORE
US,ORF
US,ORG
US,ORH
US,ORI
US,ORK
US,ORL
US,ORS
US,OSA
US,OSC
US,OSH
US,OSU
US,OSX
US,OTG
US,OTH
US,OTM
US,OUN
US,OVE
US,OVL
US,OVO
US,OVS
US,OWA
US,OWB
US,OWD
US,OWI
US,OWK
US,OWP
US,OWX
US,OXB
US,OXC
US,OXD
US,OXI
US,OXR
US,OXV
US,OYM
US,OZA
US,OZR
US,OZS
US,OZW
US,P01
US,P03
US,P04
US,P08
US,P10
US,P13
US,P14
US,P15
UM,P16
US,P17
US,P19
US,P20
US,P23
US,P29
US,P33
US,P34
US,P45
US,P52
US,P91
US,P96
US,PAE
US,PAH
US,PAM
US,PAN
US,PAO
US,PBF
US,PBG
US,PBH
US,PBI
US,PBX
US,PCD
US,PCM
US,PCW
US,PCZ
US,PDC
US,PDK
US,PDT
US,PDX
US,PEA
US,PEO
US,PEQ
US,PEX
US,PEZ
US,PFC
US,PG1
US,PGA
US,PGD
US,PGM
US,PGR
US,PGV
US,PHD
US,PHF
US,PHG
US,PHH
US,PHK
US,PHL
US,PHN
US,PHP
US,PHT
US,PHX
US,PIA
US,PIB
US,PIE
US,PIH
US,PIL
US,PIM
US,PIR
US,PIT
US,PJC
US,PJY
US,PKB
US,PKD
US,PKF
US,PKV
US,PLD
US,PLK
US,PLN
US,PLR
US,PLU
US,PMB
US,PMD
US,PMH
US,PMP
US,PMU
US,PMV
US,PMZ
US,PNA
US,PNC
US,PNE
US,PNM
US,PNN
US,PNS
US,PNT
US,PO1
US,POB
US,POC
US,POE
US,POF
US,POH
US,POU
US,POV
US,POY
US,PPA
US,PPF
US,PPO
US,PPQ
US,PQI
US,PQL
US,PQN
US,PRB
US,PRC
US,PRG
US,PRN
US,PRO
US,PRS
US,PRX
US,PRZ
US,PSB
US,PSC
US,PSF
US,PSK
US,PSM
US,PSN
US,PSO
US,PSP
US,PSX
US,PTB
US,PTD
US,PTK
US,PTN
US,PTS
US,PTT
US,PTV
US,PTW
US,PUB
US,PUC
US,PUJ
US,PUW
US,PVB
US,PVC
US,PVD
US,PVE
US,PVF
US,PVG
US,PVJ
US,PVU
US,PVW
US,PWA
US,PWC
US,PWD
US,PWG
US,PWK
US,PWM
US,PWT
US,PXE
US,PYG
US,PYM
US,PYN
US,PYP
US,PYX
US,PZQ
IQ,
US,R03
US,R33
US,R47
US,R49
US,RAC
US,RAL
US,RAP
US,RAS
US,RAW
US,RBD
US,RBE
US,RBG
US,RBL
US,RBM
US,RBO
US,RBW
US,RC0
US,RCA
US,RCE
US,RCK
US,RCM
US,RCP
US,RCR
US,RCT
US,RCV
US,RCX
US,RCZ
US,RDD
US,RDG
US,RDK
US,RDM
US,RDR
US,RDU
US,RDV
US,RED
US,REG
US,REI
US,REO
US,RFD
US,RFG
US,RFI
US,RGA
US,RGK
US,RHI
US,RHP
US,RHV
US,RIC
US,RID
US,RIF
US,RIL
US,RIR
US,RIU
US,RIV
US,RIW
US,RJD
US,RK1
US,RKD
US,RKP
US,RKR
US,RKS
US,RKW
US,RLD
US,RME
US,RMG
US,RMN
US,RMY
US,RNC
US,RND
US,RNH
US,RNM
US,RNO
US,RNP
US,RNT
US,RNV
US,ROA
US,ROC
US,ROG
US,ROS
US,ROW
US,ROX
US,RPB
US,RPD
US,RPH
US,RPJ
US,RPX
US,RQB
US,RQE
US,RQO
US,RRL
US,RRQ
US,RRT
US,RSL
US,RSN
US,RST
US,RSV
US,RSW
US,RTN
US,RTS
US,RUE
US,RUG
US,RUQ
US,RUT
US,RVF
US,RVJ
US,RVL
US,RVN
US,RVS
US,RWF
US,RWI
US,RWL
US,RWN
US,RWV
US,RXE
US,RYM
US,RYN
US,RYV
US,RYW
US,RYY
US,RZL
US,RZN
US,RZR
US,RZT
US,S00
US,S01
US,S03
US,S04
US,S05
US,S09
US,S10
US,S12
US,S16
US,S17
US,S18
US,S19
US,S20
US,S21
US,S23
US,S24
US,S25
US,S27
US,S28
US,S30
US,S31
US,S32
US,S33
US,S34
US,S35
US,S36
US,S37
US,S39
US,S40
US,S42
US,S43
US,S45
US,S48
US,S49
US,S50
US,S51
US,S52
US,S59
US,S64
US,S66
US,S68
US,S69
US,S70
US,S71
US,S72
US,S73
US,S75
US,S77
US,S78
US,S79
US,S81
US,S82
US,S83
US,S84
US,S85
US,S87
US,S88
US,S89
US,S90
US,S92
US,S93
US,S94
US,S95
US,S97
US,SAA
US,SAC
US,SAD
US,SAF
US,SAN
US,SAR
US,SAS
US,SAT
US,SAV
US,SAW
US,SAZ
US,SBA
US,SBD
US,SBM
US,SBN
US,SBO
US,SBP
US,SBS
US,SBU
US,SBX
US,SBY
US,SCA
US,SCB
US,SCD
US,SCH
US,SCK
US,SCR
US,SCX
US,SDA
US,SDC
US,SDF
US,SDL
US,SDM
US,SDY
US,SEA
US,SEE
US,SEF
US,SEG
US,SEM
US,SEP
US,SEQ
US,SER
US,SET
US,SEZ
US,SFB
US,SFF
US,SFM
US,SFO
US,SFQ
US,SFY
US,SFZ
US,SGF
US,SGH
US,SGJ
US,SGR
US,SGS
US,SGT
US,SGU
US,SH1
US,SHD
US,SHL
US,SHN
US,SHR
US,SHV
US,SIF
US,SIK
US,SIV
US,SIY
US,SJC
US,SJN
US,SJS
US,SJT
US,SJX
US,SKA
US,SKF
US,SKI
US,SKX
US,SLB
US,SLC
US,SLE
US,SLG
US,SLH
US,SLI
US,SLK
US,SLN
US,SLO
US,SLR
US,SMD
US,SME
US,SMF
US,SMN
US,SMO
US,SMQ
US,SMS
US,SMX
US,SNA
US,SNC
US,SNH
US,SNK
US,SNL
US,SNS
US,SNY
US,SOA
US,SOP
US,SOW
US,SPA
US,SPB
US,SPF
US,SPG
US,SPH
US,SPI
US,SPK
US,SPS
US,SPW
US,SPZ
US,SQI
US,SQL
US,SRB
US,SRC
US,SRE
US,SRQ
US,SRR
US,SRV
US,SSC
US,SSF
US,SSI
US,SSQ
US,STC
US,STE
US,STF
US,STJ
US,STK
US,STL
US,STP
US,STS
US,SUA
US,SUD
US,SUE
US,SUN
US,SUO
US,SUS
US,SUT
US,SUU
US,SUW
US,SUX
US,SUZ
US,SVC
US,SVE
US,SVH
US,SVN
US,SWF
US,SWI
US,SWO
US,SWT
US,SWW
US,SXK
US,SXL
US,SXP
US,SXU
US,SYF
US,SYI
US,SYM
US,SYN
US,SYR
US,SYV
US,SZL
US,SZP
US,SZT
US,SZY
US,T00
US,T03
US,T05
US,T12
US,T13
US,T14
US,T15
US,T16
US,T19
US,T20
US,T23
US,T24
US,T25
US,T26
US,T28
US,T29
US,T30
US,T31
US,T32
US,T35
US,T36
US,T37
US,T38
US,T39
US,T41
US,T42
US,T45
US,T48
US,T50
US,T51
US,T54
US,T55
US,T56
US,T58
US,T59
US,T60
US,T67
US,T69
US,T70
US,T71
US,T73
US,T74
US,T76
US,T78
US,T79
US,T80
US,T82
US,T85
US,T87
US,T88
US,T89
US,T90
US,T92
US,T93
US,T94
US,T96
US,TAD
US,TAN
US,TAZ
US,TBN
US,TBR
US,TCC
US,TCL
US,TCM
US,TCS
US,TCY
US,TDF
US,TDO
US,TDW
US,TDZ
US,TEB
US,TEL
US,TEW
US,TEX
US,TFP
US,TGC
US,TGI
US,THA
US,THM
US,THV
US,TIF
US,TIK
US,TIP
US,TIW
US,TIX
US,TKC
US,TKI
US,TKO
US,TKV
US,TKX
US,TLH
US,TLR
US,TMA
US,TMB
US,TME
US,TMK
US,TMT
US,TNP
US,TNT
US,TNU
US,TNX
US,TOA
US,TOB
US,TOC
US,TOI
US,TOL
US,TOP
US,TOR
US,TPA
US,TPF
US,TPH
US,TPL
US,TPO
US,TQE
US,TQH
US,TQK
US,TRI
US,TRK
US,TRL
US,TRM
US,TRX
US,TSG
US,TSO
US,TSP
US,TTA
US,TTD
US,TTF
US,TTN
US,TTS
US,TUL
US,TUP
US,TUS
US,TVB
US,TVC
US,TVF
US,TVI
US,TVK
US,TVL
US,TVR
US,TVY
US,TWF
US,TWM
US,TWT
US,TX0
US,TX2
US,TXK
US,TXW
US,TYE
US,TYL
US,TYQ
US,TYR
US,TYS
US,TZR
US,TZT
US,TZV
US,U00
US,U01
US,U02
US,U03
US,U05
US,U06
US,U07
US,U08
US,U10
US,U12
US,U13
US,U14
US,U30
US,U34
US,U36
US,U37
US,U41
US,U42
US,U45
US,U46
US,U48
US,U51
US,U52
US,U53
US,U54
US,U55
US,U56
US,U58
US,U60
US,U61
US,U62
US,U63
US,U64
US,U65
US,U68
US,U69
US,U70
US,U72
US,U74
US,U76
US,U78
US,U79
US,U81
US,U82
US,U84
US,U86
US,U87
US,U88
US,U89
US,U91
US,U92
US,U93
US,U94
US,U96
US,U97
US,U98
US,U99
US,UAO
US,UBE
US,UBS
US,UBX
US,UCP
US,UCY
US,UDD
US,UDG
US,UES
US,UGB
US,UGN
US,UIL
US,UIN
US,UKF
US,UKI
US,UKL
US,UKT
US,ULM
US,ULS
US,UMP
US,UNI
US,UNO
US,UNU
US,UNV
US,UOS
US,UOX
US,USE
US,USW
US,UT9
US,UTA
US,UTS
US,UUU
US,UUV
US,UVA
US,UWL
US,UXL
US,UYF
US,UZA
US,VAD
US,VAY
US,VBG
US,VBT
US,VBW
US,VCB
US,VCT
US,VCV
US,VDF
US,VDI
US,VEL
US,VER
US,VES
US,VGC
US,VGT
US,VHN
US,VIH
US,VIQ
US,VIS
US,VJI
US,VKS
US,VKX
US,VLA
US,VLD
US,VLL
US,VMR
US,VNC
US,VNW
US,VNY
US,VOK
US,VPC
US,VPS
US,VPZ
US,VQQ
US,VRB
US,VSF
US,VT8
US,VTA
US,VTI
US,VTN
US,VUJ
US,VUO
US,VVS
US,VVV
US,VWU
US,VYS
US,W00
US,W01
US,W03
US,W04
US,W05
US,W09
US,W10
US,W11
US,W12
US,W13
US,W16
US,W17
US,W19
US,W20
US,W22
US,W23
US,W24
US,W27
US,W28
US,W29
US,W31
US,W34
US,W35
US,W39
US,W40
US,W41
US,W42
US,W43
US,W48
US,W50
US,W52
US,W56
US,W57
US,W58
US,W63
US,W73
US,W75
US,W78
US,W81
US,W87
US,W88
US,W90
US,W91
US,W94
US,W95
US,W96
US,W99
US,WAL
US,WAY
US,WBB
US,WBW
US,WDG
US,WDR
US,WEA
US,WH0
US,WHP
US,WJF
US,WLD
US,WLW
US,WMC
US,WRB
US,WRI
US,WRL
US,WSM
US,WST
US,WVI
US,WVL
US,WWD
US,WWR
US,WYS
US,X01
US,X04
US,X05
US,X06
US,X07
US,X09
US,X10
US,X13
US,X14
US,X21
US,X23
US,X25
US,X26
US,X33
US,X35
US,X36
US,X39
US,X43
US,X49
US,X50
US,X51
US,X52
US,X54
US,X55
US,X58
US,X59
US,X60
US,X61
US,X63
US,X65
US,XA0
US,XBP
US,XLL
US,XMR
US,XNA
US,XNI
US,XNO
US,XNX
US,XSA
US,XVG
US,XWA
US,Y01
US,Y03
US,Y14
US,Y19
US,Y23
US,Y27
US,Y30
US,Y31
US,Y37
US,Y43
US,Y46
US,Y47
US,Y48
US,Y49
US,Y50
US,Y51
US,Y55
US,Y58
US,Y63
US,Y65
US,Y70
US,Y71
US,Y72
US,Y73
US,Y74
US,Y77
US,Y83
US,Y87
US,Y88
US,Y89
US,Y91
US,Y93
US,Y94
US,Y95
US,Y98
US,Y99
US,YIP
US,YKM
US,YKN
US,YNG
US,Z14
US,Z17
US,Z25
US,Z40
US,Z47
US,Z48
US,Z52
US,Z55
US,Z81
US,Z90
US,Z91
US,Z92
US,Z93
US,Z95
US,Z98
US,Z99
US,ZEF
US,ZER
US,ZNC
US,ZPH
US,ZZV
US,LA01
US,LA03
US,LA04
US,LA10
US,LA11
US,LA13
US,LA15
US,LA16
US,LA17
US,LA21
US,LA25
US,LA26
US,LA30
US,LA32
US,LA33
US,LA35
US,LA40
US,LA41
US,LA46
US,LA50
US,LA51
US,LA52
US,LA53
US,LA54
US,LA57
US,LA60
US,LA61
US,LA63
US,LA67
US,LA68
US,LA71
US,LA76
US,LA77
US,LA79
US,LA81
US,LA83
US,LA87
US,LA89
US,LA90
US,LA92
AL,
AL,
AL,
AL,
AL,
AL,
BG,
BG,
BG,
BG,
BG,
BG,
BG,
BG,
BG,
BG,
BG,
BG,
BG,
BG,
BG,
BG,
BG,
BG,
BG,
BG,
BG,
BG,
BG,
BG,
BG,
BG,
BG,
BG,
BG,
BG,
BG,
BG,
BG,
BG,
BG,
BG,
BG,
BG,
BG,
BG,
BG,
BG,
BG,
BG,
CY,
CY,
CY,
CY,
HR,
HR,
HR,
HR,
HR,
HR,
HR,
HR,
HR,
HR,
HR,
HR,
HR,
HR,
HR,
HR,
HR,
HR,
HR,
HR,
HR,
HR,
HR,
HR,
HR,
HR,
HR,
ES,
ES,
ES,
ES,
ES,
ES,
ES,
ES,
ES,
ES,
ES,
ES,
ES,
ES,
ES,
ES,
ES,
ES,
ES,
ES,
ES,
ES,
ES,
ES,
ES,
ES,
ES,
ES,
ES,
ES,
ES,
ES,
ES,
ES,
ES,
ES,
ES,
ES,
ES,
ES,
ES,
ES,
ES,
ES,
ES,
ES,
ES,
ES,
ES,
ES,
ES,
ES,
ES,
ES,
ES,
ES,
ES,
ES,
ES,
ES,
ES,
ES,
ES,
ES,
ES,
ES,
ES,
ES,
ES,
ES,
ES,
ES,
ES,
ES,
ES,
ES,
ES,
ES,
ES,
ES,
ES,
ES,
ES,
ES,
ES,
ES,
ES,
ES,
ES,
ES,
ES,
ES,
ES,
ES,
ES,
ES,
ES,
ES,
ES,
ES,
ES,
ES,
ES,
ES,
ES,
ES,
ES,
ES,
ES,
ES,
ES,
FR,
FR,
FR,
FR,
FR,
FR,
FR,
FR,
FR,
FR,
FR,
FR,
FR,
FR,
FR,
FR,
FR,
FR,
FR,
FR,
FR,
FR,
FR,
FR,
FR,
FR,
FR,
FR,
FR,
FR,
FR,
FR,
FR,
FR,
FR,
FR,
FR,
FR,
FR,
FR,
FR,
FR,
FR,
FR,
FR,
FR,
FR,
FR,
FR,
FR,
FR,
FR,
FR,
FR,
FR,
FR,
FR,
FR,
FR,
FR,
FR,
FR,
FR,
FR,
FR,
FR,
FR,
FR,
FR,
FR,
FR,
FR,
FR,
FR,
FR,
FR,
FR,
FR,
FR,
FR,
FR,
FR,
FR,
FR,
FR,
FR,
FR,
FR,
FR,
FR,
FR,
FR,
FR,
FR,
FR,
FR,
FR,
FR,
FR,
FR,
FR,
FR,
FR,
FR,
FR,
FR,
FR,
FR,
FR,
FR,
FR,
FR,
FR,
FR,
FR,
FR,
FR,
FR,
FR,
FR,
FR,
FR,
FR,
FR,
FR,
FR,
FR,
FR,
FR,
FR,
FR,
FR,
FR,
FR,
FR,
FR,
FR,
FR,
FR,
FR,
FR,
FR,
FR,
FR,
FR,
FR,
FR,
FR,
FR,
FR,
FR,
FR,
FR,
FR,
FR,
FR,
FR,
FR,
FR,
FR,
FR,
FR,
FR,
FR,
FR,
FR,
FR,
FR,
FR,
FR,
FR,
FR,
FR,
FR,
FR,
FR,
FR,
FR,
FR,
FR,
FR,
FR,
FR,
FR,
FR,
FR,
FR,
FR,
FR,
FR,
FR,
FR,
FR,
FR,
FR,
FR,
FR,
FR,
FR,
FR,
FR,
FR,
FR,
FR,
FR,
FR,
FR,
FR,
FR,
FR,
FR,
FR,
FR,
FR,
FR,
FR,
FR,
FR,
FR,
FR,
FR,
FR,
FR,
FR,
FR,
FR,
FR,
FR,
FR,
FR,
FR,
FR,
FR,
FR,
FR,
FR,
FR,
FR,
FR,
FR,
FR,
FR,
FR,
FR,
FR,
FR,
FR,
FR,
FR,
FR,
FR,
FR,
FR,
FR,
FR,
FR,
FR,
FR,
FR,
FR,
FR,
FR,
FR,
FR,
FR,
FR,
FR,
FR,
FR,
FR,
FR,
FR,
FR,
FR,
FR,
FR,
FR,
FR,
FR,
FR,
FR,
FR,
FR,
FR,
FR,
FR,
FR,
FR,
FR,
FR,
FR,
FR,
FR,
FR,
FR,
FR,
FR,
FR,
FR,
FR,
FR,
FR,
FR,
FR,
FR,
FR,
FR,
FR,
FR,
FR,
FR,
FR,
FR,
FR,
FR,
FR,
FR,
FR,
FR,
FR,
FR,
FR,
FR,
FR,
FR,
FR,
FR,
FR,
FR,
FR,
FR,
FR,
FR,
FR,
FR,
FR,
FR,
FR,
FR,
FR,
FR,
FR,
FR,
FR,
FR,
FR,
FR,
FR,
FR,
FR,
FR,
FR,
FR,
FR,
FR,
FR,
FR,
FR,
FR,
FR,
FR,
FR,
FR,
FR,
FR,
FR,
FR,
FR,
FR,
FR,
FR,
FR,
FR,
FR,
FR,
FR,
FR,
FR,
FR,
FR,
FR,
FR,
FR,
FR,
FR,
FR,
FR,
FR,
FR,
FR,
FR,
FR,
FR,
FR,
FR,
FR,
FR,
FR,
FR,
FR,
FR,
FR,
FR,
FR,
FR,
FR,
FR,
FR,
FR,
FR,
FR,
FR,
FR,
FR,
FR,
FR,
FR,
FR,
FR,
FR,
FR,
FR,
FR,
FR,
FR,
FR,
FR,
FR,
FR,
FR,
FR,
FR,
FR,
FR,
FR,
FR,
FR,
FR,
FR,
FR,
FR,
FR,
PM,
PM,
FR,
FR,
FR,
FR,
FR,
FR,
FR,
FR,
FR,
FR,
FR,
FR,
FR,
FR,
FR,
FR,
FR,
FR,
FR,
GR,
GR,
GR,
GR,
GR,
GR,
GR,
GR,
GR,
GR,
GR,
GR,
GR,
GR,
GR,
GR,
GR,
GR,
GR,
GR,
GR,
GR,
GR,
GR,
GR,
GR,
GR,
GR,
GR,
GR,
GR,
GR,
GR,
GR,
GR,
GR,
GR,
GR,
GR,
GR,
GR,
GR,
GR,
GR,
GR,
GR,
AU,
GR,
GR,
GR,
GR,
GR,
GR,
GR,
GR,
GR,
GR,
GR,
GR,
GR,
GR,
GR,
GR,
GR,
HU,
HU,
HU,
HU,
HU,
HU,
HU,
HU,
HU,
HU,
HU,
HU,
HU,
HU,
HU,
HU,
HU,
HU,
HU,
HU,
HU,
HU,
HU,
HU,
HU,
HU,
HU,
HU,
HU,
HU,
HU,
HU,
HU,
HU,
HU,
HU,
HU,
HU,
HU,
HU,
HU,
IT,
IT,
IT,
IT,
IT,
IT,
IT,
IT,
IT,
IT,
IT,
IT,
IT,
IT,
IT,
IT,
IT,
IT,
IT,
IT,
IT,
IT,
IT,
IT,
IT,
IT,
IT,
IT,
IT,
IT,
IT,
IT,
IT,
IT,
IT,
IT,
IT,
IT,
IT,
IT,
IT,
IT,
IT,
IT,
IT,
IT,
IT,
IT,
IT,
IT,
IT,
IT,
IT,
IT,
IT,
IT,
IT,
IT,
IT,
IT,
IT,
IT,
IT,
IT,
IT,
IT,
IT,
IT,
IT,
IT,
IT,
IT,
IT,
IT,
IT,
IT,
IT,
IT,
IT,
IT,
IT,
IT,
IT,
IT,
IT,
IT,
IT,
IT,
IT,
IT,
IT,
IT,
IT,
IT,
IT,
IT,
IT,
IT,
IT,
IT,
IT,
IT,
IT,
IT,
IT,
IT,
IT,
IT,
IT,
IT,
IT,
IT,
IT,
IT,
IT,
IT,
IT,
SI,
SI,
SI,
SI,
SI,
SI,
SI,
SI,
SI,
SI,
SI,
SI,
SI,
SI,
SI,
CZ,
CZ,
CZ,
CZ,
CZ,
CZ,
CZ,
CZ,
CZ,
CZ,
CZ,
CZ,
CZ,
CZ,
CZ,
CZ,
CZ,
CZ,
CZ,
CZ,
CZ,
CZ,
CZ,
CZ,
CZ,
CZ,
CZ,
CZ,
CZ,
CZ,
CZ,
CZ,
CZ,
CZ,
CZ,
CZ,
CZ,
CZ,
CZ,
CZ,
CZ,
CZ,
CZ,
CZ,
CZ,
CZ,
CZ,
CZ,
CZ,
CZ,
CZ,
CZ,
CZ,
CZ,
CZ,
CZ,
CZ,
CZ,
CZ,
CZ,
CZ,
CZ,
CZ,
CZ,
CZ,
CZ,
CZ,
CZ,
CZ,
CZ,
CZ,
CZ,
CZ,
CZ,
CZ,
CZ,
CZ,
CZ,
CZ,
CZ,
CZ,
CZ,
CZ,
CZ,
CZ,
CZ,
CZ,
CZ,
CZ,
CZ,
CZ,
CZ,
CZ,
CZ,
CZ,
CZ,
CZ,
CZ,
CZ,
US,LL07
US,LL09
US,LL10
US,LL13
IL,
US,LL22
US,LL24
US,LL26
US,LL27
US,LL28
US,LL32
US,LL34
US,LL38
US,LL39
US,LL45
US,LL46
US,LL49
US,LL51
US,LL52
US,LL53
US,LL54
US,LL55
US,LL64
US,LL74
US,LL77
US,LL78
US,LL79
US,LL80
US,LL81
US,LL87
US,LL89
US,LL90
US,LL91
IL,
IL,
IL,
IS,
IL,
IL,
IL,
IL,
IL,
IL,
IL,
IL,
IL,
IL,
IL,
IL,
IL,
IL,
IL,
IL,
IL,
IL,
MT,
AT,
AT,
AT,
AT,
AT,
AT,
AT,
AT,
AT,
AT,
AT,
AT,
AT,
AT,
AT,
AT,
AT,
AT,
AT,
AT,
AT,
AT,
AT,
AT,
AT,
AT,
AT,
AT,
AT,
AT,
AT,
AT,
AT,
AT,
AT,
AT,
AT,
AT,
AT,
AT,
AT,
AT,
AT,
AT,
AT,
AT,
AT,
AT,
AT,
AT,
AT,
AT,
AT,
AT,
AT,
PT,
PT,
PT,
PT,
PT,
PT,
PT,
PT,
PT,
PT,
PT,
PT,
PT,
PT,
PT,
PT,
PT,
PT,
PT,
PT,
PT,
PT,
PT,
PT,
PT,
PT,
PT,
PT,
PT,
PT,
PT,
PT,
PT,
PT,
PT,
PT,
PT,
PT,
PT,
PT,
PT,
PT,
PT,
PT,
PT,
PT,
PT,
PT,
BA,
BA,
BA,
BA,
BA,
BA,
BA,
BA,
BA,
BA,
RO,
RO,
RO,
RO,
RO,
RO,
RO,
RO,
RO,
RO,
RO,
RO,
RO,
RO,
RO,
RO,
RO,
RO,
RO,
RO,
RO,
RO,
RO,
US,LS08
US,LS09
US,LS10
US,LS14
US,LS15
US,LS16
US,LS18
US,LS20
US,LS21
US,LS26
US,LS34
US,LS36
US,LS38
US,LS39
US,LS40
US,LS46
US,LS59
US,LS68
US,LS70
US,LS76
US,LS77
US,LS83
US,LS84
US,LS87
US,LS88
US,LS91
US,LS92
CH,
CH,
CH,
CH,
CH,
CH,
CH,
CH,
CH,
CH,
CH,
CH,
CH,
CH,
CH,
CH,
CH,
CH,
CH,
CH,
CH,
CH,
CH,
CH,
CH,
CH,
CH,
CH,
CH,
CH,
CH,
CH,
CH,
CH,
CH,
CH,
CH,
CH,
CH,
CH,
CH,
CH,
CH,
CH,
CH,
CH,
CH,
CH,
CH,
CH,
CH,
CH,
CH,
CH,
CH,
CH,
CH,
CH,
CH,
CH,
CH,
CH,
TR,
TR,
TR,
TR,
TR,
TR,
TR,
TR,
TR,
TR,
TR,
TR,
TR,
TR,
TR,
TR,
TR,
TR,
TR,
TR,
TR,
TR,
TR,
TR,
TR,
TR,
TR,
TR,
TR,
TR,
TR,
TR,
TR,
TR,
TR,
TR,
TR,
TR,
TR,
TR,
TR,
TR,
TR,
TR,
TR,
TR,
TR,
TR,
TR,
TR,
TR,
TR,
TR,
TR,
TR,
TR,
TR,
TR,
TR,
TR,
TR,
TR,
TR,
TR,
TR,
TR,
TR,
TR,
TR,
TR,
TR,
TR,
TR,
TR,
TR,
TR,
TR,
TR,
TR,
TR,
TR,
TR,
TR,
MD,
MD,
MD,
MD,
MD,
MD,
MK,
MK,
MK,
GI,
RS,
RS,
RS,
RS,
ME,
RS,
RS,
RS,
RS,
ME,
RS,
ME,
ME,
XK,
RS,
RS,
RS,
RS,
ME,
RS,
RS,
RS,
RS,
SK,
SK,
SK,
SK,
SK,
SK,
SK,
SK,
SK,
SK,
SK,
SK,
SK,
SK,
SK,
SK,
SK,
SK,
SK,
SK,
SK,
SK,
US,MA18
US,MA30
US,MA36
US,MA43
US,MA44
US,MA52
US,MA53
US,MA55
US,MA63
US,MA64
US,MA77
US,MA80
US,MA86
US,MA88
US,MA89
TC,
TC,
TC,
TC,
TC,
TC,
TC,
TC,
US,MD00
US,MD01
US,MD04
US,MD05
US,MD11
US,MD12
US,MD14
US,MD19
US,MD20
US,MD21
US,MD22
US,MD23
US,MD28
US,MD31
US,MD35
US,MD42
US,MD45
US,MD46
US,MD47
US,MD48
US,MD50
US,MD55
US,MD56
US,MD57
US,MD63
US,MD64
US,MD69
US,MD70
US,MD74
US,MD75
US,MD78
US,MD80
US,MD82
US,MD83
US,MD84
US,MD88
US,MD91
US,MD93
US,MD95
US,MD97
DO,
DO,
DO,
DO,
DO,
DO,
DO,
DO,
DO,
DO,
DO,
DO,
DO,
DO,
DO,
DO,
DO,
DO,
DO,
DO,
DO,
DO,
DO,
DO,
DO,
DO,
DO,
DO,
DO,
DO,
DO,
DO,
US,ME00
US,ME03
US,ME05
US,ME06
US,ME08
US,ME14
US,ME16
US,ME17
US,ME19
US,ME20
US,ME22
US,ME25
US,ME26
US,ME32
US,ME33
US,ME34
US,ME35
US,ME39
US,ME40
US,ME41
US,ME45
US,ME46
US,ME47
US,ME55
US,ME60
US,ME61
US,ME62
US,ME64
US,ME68
US,ME69
US,ME70
US,ME74
US,ME75
US,ME79
US,ME88
US,ME89
US,ME91
US,ME92
CR,
GT,
GT,
GT,
GT,
GT,
GT,
GT,
GT,
GT,
GT,
GT,
GT,
GT,
GT,
GT,
GT,
GT,
GT,
GT,
GT,
GT,
GT,
GT,
GT,
GT,
GT,
GT,
GT,
HN,
HN,
HN,
HN,
HN,
HN,
HN,
HN,
HN,
HN,
HN,
HN,
HN,
HN,
HN,
HN,
HN,
HN,
HN,
HN,
HN,
HN,
HN,
HN,
HN,
HN,
HN,
HN,
HN,
HN,
HN,
HN,
HN,
HN,
HN,
HN,
HN,
HN,
HN,
HN,
HN,
HN,
HN,
HN,
HN,
HN,
HN,
HN,
HN,
HN,
HN,
HN,
HN,
HN,
HN,
HN,
HN,
HN,
HN,
HN,
HN,
HN,
HN,
HN,
HN,
HN,
HN,
HN,
HN,
HN,
HN,
HN,
HN,
HN,
HN,
HN,
HN,
HN,
HN,
HN,
HN,
HN,
HN,
HN,
HN,
HN,
HN,
HN,
HN,
HN,
HN,
HN,
HN,
HN,
HN,
HN,
HN,
HN,
HN,
HN,
HN,
HN,
HN,
HN,
HN,
HN,
HN,
HN,
HN,
HN,
HN,
HN,
HN,
HN,
HN,
HN,
HN,
HN,
HN,
HN,
HN,
HN,
HN,
HN,
HN,
HN,
HN,
HN,
HN,
HN,
HN,
HN,
HN,
HN,
HN,
HN,
US,MI01
US,MI05
US,MI09
US,MI10
US,MI11
US,MI12
US,MI13
US,MI15
US,MI18
US,MI23
US,MI25
US,MI26
US,MI27
US,MI28
US,MI29
US,MI30
US,MI35
US,MI39
US,MI41
US,MI44
US,MI47
US,MI48
US,MI53
US,MI55
US,MI56
US,MI58
US,MI60
US,MI68
US,MI69
US,MI70
US,MI71
US,MI76
US,MI78
US,MI80
US,MI82
US,MI83
US,MI86
US,MI88
US,MI93
JM,
JM,
JM,
JM,
JM,
JM,
CR,
MX,
MX,
MX,
MX,
MX,
MX,
MX,
MX,
MX,
MX,
MX,
MX,
MX,
MX,
MX,
MX,
MX,
MX,
MX,
MX,
MX,
MX,
MX,
MX,
MX,
MX,
MX,
MX,
MX,
MX,
MX,
MX,
MX,
MX,
MX,
MX,
MX,
MX,
MX,
MX,
MX,
MX,
MX,
MX,
MX,
MX,
MX,
MX,
MX,
MX,
MX,
MX,
MX,
MX,
MX,
MX,
MX,
MX,
MX,
MX,
MX,
MX,
MX,
MX,
MX,
MX,
MX,
MX,
MX,
MX,
MX,
MX,
MX,
MX,
MX,
MX,
MX,
MX,
MX,
MX,
MX,
MX,
MX,
MX,
MX,
MX,
MX,
MX,
MX,
MX,
MX,
MX,
MX,
MX,
MX,
MX,
MX,
MX,
MX,
MX,
MX,
MX,
MX,
MX,
MX,
MX,
MX,
MX,
MX,
MX,
MX,
MX,
MX,
MX,
MX,
MX,
MX,
MX,
MX,
MX,
MX,
MX,
MX,
MX,
MX,
MX,
MX,
MX,
MX,
MX,
MX,
MX,
MX,
MX,
MX,
MX,
MX,
MX,
MX,
MX,
MX,
MX,
MX,
MX,
US,MN00
US,MN01
US,MN06
US,MN08
US,MN11
US,MN12
US,MN13
US,MN15
US,MN17
US,MN18
US,MN19
US,MN23
US,MN24
US,MN28
US,MN31
US,MN32
US,MN40
US,MN41
US,MN42
US,MN44
US,MN45
US,MN46
US,MN47
US,MN49
US,MN50
US,MN52
US,MN57
US,MN58
US,MN62
US,MN63
US,MN66
US,MN67
US,MN68
US,MN69
US,MN71
US,MN74
US,MN77
US,MN81
US,MN86
US,MN87
US,MN88
US,MN89
US,MN91
US,MN92
US,MN98
NI,
NI,
NI,
NI,
NI,
NI,
NI,
NI,
NI,
NI,
NI,
NI,
NI,
NI,
NI,
NI,
NI,
NI,
NI,
NI,
NI,
NI,
NI,
NI,
NI,
NI,
NI,
NI,
NI,
NI,
US,MO00
US,MO01
US,MO04
US,MO06
US,MO07
US,MO08
US,MO09
US,MO11
US,MO13
US,MO14
US,MO15
US,MO17
US,MO18
US,MO22
US,MO23
US,MO24
US,MO25
US,MO26
US,MO27
US,MO29
US,MO30
US,MO31
US,MO32
US,MO33
US,MO37
US,MO39
US,MO43
US,MO45
US,MO48
US,MO49
US,MO51
US,MO56
US,MO58
US,MO64
US,MO65
US,MO66
US,MO67
US,MO68
US,MO71
US,MO72
US,MO73
US,MO74
US,MO75
US,MO77
US,MO78
US,MO80
US,MO81
US,MO82
US,MO84
US,MO85
US,MO86
US,MO87
US,MO89
US,MO93
US,MO94
US,MO95
US,MO98
US,MO99
PA,
PA,
PA,
PA,
PA,
PA,
PA,
PA,
PA,
PA,
PA,
PA,
PA,
PA,
PA,
PA,
PA,
PA,
PA,
PA,
PA,
PA,
PA,
PA,
PA,
PA,
PA,
PA,
PA,
PA,
PA,
CR,
CR,
CR,
CR,
CR,
CR,
CR,
CR,
CR,
CR,
CR,
CR,
CR,
CR,
CR,
CR,
CR,
CR,
CR,
CR,
CR,
CR,
CR,
CR,
CR,
CR,
CR,
CR,
CR,
CR,
CR,
CR,
CR,
CR,
CR,
CR,
CR,
CR,
CR,
CR,
CR,
CR,
CR,
CR,
CR,
CR,
CR,
CR,
CR,
CR,
CR,
CR,
CR,
CR,
CR,
CR,
CR,
CR,
CR,
CR,
CR,
CR,
CR,
CR,
CR,
CR,
CR,
CR,
CR,
CR,
CR,
CR,
CR,
CR,
CR,
CR,
CR,
CR,
CR,
CR,
CR,
CR,
CR,
CR,
CR,
CR,
CR,
CR,
CR,
CR,
CR,
CR,
CR,
CR,
CR,
CR,
CR,
CR,
CR,
CR,
CR,
CR,
CR,
CR,
CR,
CR,
CR,
CR,
CR,
CR,
CR,
CR,
CR,
CR,
CR,
CR,
US,MS03
US,MS06
US,MS08
US,MS09
US,MS11
US,MS13
US,MS14
US,MS20
US,MS21
US,MS26
US,MS29
US,MS30
US,MS33
US,MS35
US,MS36
US,MS37
US,MS39
US,MS40
US,MS41
US,MS43
US,MS45
US,MS48
US,MS50
US,MS55
US,MS57
US,MS58
US,MS59
US,MS61
US,MS63
US,MS64
US,MS65
US,MS69
US,MS70
US,MS71
US,MS75
US,MS76
US,MS77
US,MS80
US,MS82
US,MS88
US,MS90
US,MS93
US,MS95
US,MS96
SV,
SV,
SV,
SV,
SV,
SV,
SV,
SV,
SV,
SV,
SV,
SV,
SV,
SV,
SV,
SV,
SV,
SV,
SV,
SV,
SV,
SV,
SV,
US,MT01
US,MT03
US,MT04
US,MT05
US,MT06
US,MT08
US,MT13
US,MT15
US,MT18
US,MT19
US,MT21
US,MT22
US,MT24
US,MT26
US,MT29
US,MT30
US,MT32
US,MT34
US,MT36
US,MT37
US,MT38
US,MT40
US,MT41
US,MT42
US,MT43
US,MT45
US,MT46
US,MT48
US,MT49
US,MT50
US,MT51
US,MT52
US,MT53
US,MT54
US,MT56
US,MT57
US,MT58
US,MT60
US,MT61
US,MT62
US,MT65
US,MT66
US,MT68
US,MT69
US,MT71
US,MT72
US,MT74
US,MT77
US,MT79
US,MT80
US,MT81
US,MT82
US,MT83
US,MT86
US,MT88
US,MT89
US,MT94
US,MT95
HT,
HT,
HT,
HT,
HT,
HT,
HN,
US,MU00
US,MU02
US,MU03
US,MU04
US,MU06
US,MU07
US,MU09
US,MU11
US,MU13
US,MU14
US,MU18
US,MU20
US,MU21
US,MU22
US,MU23
US,MU24
US,MU25
US,MU26
US,MU27
US,MU31
US,MU32
US,MU35
US,MU38
US,MU41
US,MU46
US,MU48
US,MU57
US,MU62
US,MU63
US,MU65
US,MU68
US,MU70
US,MU73
US,MU77
US,MU78
US,MU83
US,MU84
US,MU88
US,MU89
US,MU97
US,MU98
US,MU99
CU,
CU,
CU,
CU,
CU,
CU,
CU,
CU,
CU,
CU,
CU,
CU,
CU,
CU,
CU,
CU,
CU,
CU,
CU,
CU,
CU,
CU,
CU,
CU,
CU,
CU,
CU,
CU,
CU,
CU,
CU,
CU,
CU,
CU,
CU,
CU,
CU,
CU,
CU,
CU,
CU,
CU,
CU,
CU,
CU,
CU,
CU,
CU,
CU,
CU,
CU,
CU,
KY,
KY,
KY,
US,MY00
US,MY01
US,MY10
US,MY12
US,MY15
US,MY17
US,MY18
US,MY29
US,MY35
US,MY37
US,MY46
US,MY50
US,MY52
US,MY54
US,MY56
US,MY57
US,MY59
US,MY66
US,MY68
US,MY72
US,MY80
US,MY90
US,MY94
US,MY95
US,MY97
US,MY99
BS,
BS,
BS,
BS,
BS,
BS,
BS,
BS,
BS,
BS,
BS,
BS,
BS,
BS,
BS,
BS,
BS,
BS,
BS,
BS,
BS,
BS,
BS,
BS,
BS,
BS,
BS,
BS,
BS,
BS,
BS,
BS,
BS,
BS,
BS,
BS,
BS,
BS,
BS,
BS,
BS,
BS,
BS,
BS,
BS,
BS,
BS,
BS,
BS,
BS,
BS,
BS,
BS,
BS,
BS,
BZ,
BZ,
BZ,
BZ,
US,NA02
US,NA05
US,NA06
US,NA07
US,NA10
US,NA12
US,NA13
US,NA17
US,NA18
US,NA21
US,NA32
US,NA33
US,NA38
US,NA49
US,NA54
US,NA55
US,NA56
US,NA60
US,NA63
US,NA65
US,NA71
US,NA73
US,NA75
US,NA79
US,NA81
US,NA84
US,NA86
US,NA88
US,NA90
US,NA98
US,NA99
US,NC00
US,NC01
US,NC02
US,NC03
US,NC05
US,NC06
US,NC08
US,NC09
US,NC10
US,NC11
US,NC12
US,NC13
US,NC14
US,NC15
US,NC19
US,NC20
US,NC21
US,NC22
US,NC25
US,NC26
US,NC27
US,NC28
US,NC29
US,NC30
US,NC31
US,NC32
US,NC34
US,NC35
US,NC36
US,NC37
US,NC39
US,NC40
US,NC42
US,NC43
US,NC44
US,NC45
US,NC48
US,NC49
US,NC50
US,NC52
US,NC54
US,NC56
US,NC58
US,NC59
US,NC61
US,NC63
US,NC64
US,NC65
US,NC66
US,NC67
US,NC71
US,NC72
US,NC73
US,NC74
US,NC75
US,NC77
US,NC81
US,NC82
US,NC84
US,NC86
US,NC93
US,NC97
US,NC99
CK,
CK,
CK,
CK,
CK,
CK,
CK,
CK,
CK,
US,ND01
US,ND02
US,ND07
US,ND09
US,ND10
US,ND12
US,ND14
US,ND16
US,ND18
US,ND19
US,ND20
US,ND22
US,ND24
US,ND25
US,ND26
US,ND35
US,ND36
US,ND40
US,ND41
US,ND42
US,ND43
US,ND44
US,ND47
US,ND49
US,ND52
US,ND53
US,ND54
US,ND55
US,ND59
US,ND60
US,ND62
US,ND68
US,ND72
US,ND73
US,ND74
US,ND75
US,ND78
US,ND82
US,ND85
US,ND86
US,ND89
US,ND90
US,ND92
US,ND96
US,ND98
US,ND99
US,NE01
US,NE06
US,NE08
US,NE09
US,NE12
US,NE15
US,NE20
US,NE21
US,NE24
US,NE25
US,NE26
US,NE29
US,NE30
US,NE33
US,NE34
US,NE35
US,NE36
US,NE38
US,NE40
US,NE42
US,NE43
US,NE44
US,NE45
US,NE46
US,NE49
US,NE51
US,NE56
US,NE57
US,NE59
US,NE64
US,NE65
US,NE67
US,NE69
US,NE73
US,NE75
US,NE78
US,NE79
US,NE80
US,NE81
US,NE82
US,NE83
US,NE89
US,NE92
US,NE95
FJ,
FJ,
FJ,
FJ,
FJ,
FJ,
FJ,
FJ,
FJ,
FJ,
FJ,
FJ,
FJ,
FJ,
FJ,
FJ,
FJ,
FJ,
FJ,
FJ,
FJ,
TO,
TO,
TO,
TO,
TO,
TO,
FJ,
FJ,
KI,
KI,
TV,
KI,
KI,
KI,
KI,
KI,
KI,
KI,
KI,
KI,
KI,
KI,
KI,
KI,
KI,
KI,
US,NH07
US,NH16
US,NH17
US,NH18
US,NH20
US,NH30
US,NH31
US,NH38
US,NH39
US,NH40
US,NH43
US,NH49
US,NH60
US,NH61
US,NH67
US,NH69
US,NH76
US,NH78
US,NH84
US,NH86
US,NH88
US,NH96
NU,
US,NJ09
US,NJ20
US,NJ24
US,NJ25
US,NJ46
US,NJ50
US,NJ59
US,NJ60
US,NJ61
US,NJ63
US,NJ65
US,NJ72
US,NJ74
US,NJ79
US,NJ84
US,NJ95
US,NK01
US,NK04
US,NK05
US,NK08
US,NK09
US,NK12
US,NK16
US,NK17
US,NK19
US,NK24
US,NK26
US,NK27
US,NK31
US,NK43
US,NK51
US,NK53
US,NK54
US,NK68
US,NK71
US,NK72
US,NK74
US,NK76
US,NK79
US,NK87
US,NK91
WF,
WF,
US,NM01
US,NM02
US,NM03
US,NM05
US,NM08
US,NM09
US,NM10
US,NM12
US,NM14
US,NM16
US,NM17
US,NM20
US,NM24
US,NM25
US,NM26
US,NM27
US,NM29
US,NM30
US,NM32
US,NM33
US,NM37
US,NM38
US,NM40
US,NM41
US,NM42
US,NM47
US,NM48
US,NM49
US,NM51
US,NM52
US,NM53
US,NM54
US,NM55
US,NM56
US,NM64
US,NM66
US,NM69
US,NM70
US,NM73
US,NM78
US,NM80
US,NM83
US,NM84
US,NM86
US,NM87
US,NM88
US,NM89
US,NM90
US,NM91
US,NM92
US,NM99
US,NR02
US,NR04
US,NR08
US,NR10
US,NR20
US,NR21
US,NR32
US,NR33
US,NR37
US,NR40
US,NR42
US,NR70
US,NR72
US,NR77
US,NR82
US,NR88
US,NR92
US,NR94
AS,Z08
WS,
WS,
WS,
AS,FAQ
WS,
AS,PPG
PF,
PF,
PF,
PF,
PF,
PF,
PF,
PF,
PF,
PF,
PF,
PF,
PF,
PF,
PF,
PF,
PF,
PF,
PF,
PF,
PF,
PF,
PF,
PF,
PF,
PF,
PF,
PF,
PF,
PF,
PF,
PF,
PF,
PF,
PF,
PF,
PF,
PF,
PF,
PF,
PF,
PF,
PF,
PF,
PF,
PF,
PF,
PF,
PF,
PF,
US,NV00
US,NV02
US,NV04
US,NV05
US,NV06
US,NV07
US,NV08
US,NV09
US,NV12
US,NV14
US,NV17
US,NV22
US,NV27
US,NV30
US,NV31
US,NV33
US,NV35
US,NV39
US,NV47
US,NV55
US,NV64
US,NV65
US,NV67
US,NV68
US,NV72
US,NV83
US,NV88
US,NV89
US,NV96
US,NV97
US,NV98
US,NV99
VU,
VU,
VU,
VU,
VU,
VU,
VU,
VU,
VU,
VU,
VU,
VU,
VU,
VU,
VU,
VU,
VU,
VU,
VU,
VU,
VU,
VU,
VU,
VU,
VU,
VU,
VU,
VU,
VU,
VU,
VU,
VU,
NC,
NC,
NC,
NC,
NC,
NC,
NC,
NC,
NC,
NC,
NC,
NC,
NC,
NC,
NC,
NC,
NC,
NC,
NC,
NC,
NC,
US,NY01
US,NY02
US,NY03
US,NY05
US,NY06
US,NY07
US,NY10
US,NY11
US,NY13
US,NY15
US,NY16
US,NY17
US,NY18
US,NY19
US,NY20
US,NY23
US,NY24
US,NY25
US,NY26
US,NY27
US,NY28
US,NY29
US,NY31
US,NY33
US,NY34
US,NY35
US,NY37
US,NY41
US,NY42
US,NY48
US,NY49
US,NY50
US,NY51
US,NY53
US,NY55
US,NY57
US,NY59
US,NY60
US,NY62
US,NY63
US,NY64
US,NY66
US,NY68
US,NY70
US,NY72
US,NY74
US,NY76
US,NY78
US,NY79
US,NY82
US,NY87
US,NY88
US,NY89
US,NY91
US,NY92
US,NY94
US,NY95
US,NY96
US,NY97
AQ,
NZ,
NZ,
NZ,
NZ,
NZ,
NZ,
NZ,
NZ,
NZ,
NZ,
NZ,
NZ,
NZ,
NZ,
NZ,
NZ,
NZ,
NZ,
NZ,
NZ,
NZ,
NZ,
NZ,
NZ,
NZ,
NZ,
NZ,
NZ,
NZ,
NZ,
NZ,
NZ,
NZ,
NZ,
NZ,
NZ,
NZ,
NZ,
AQ,
NZ,
NZ,
NZ,
NZ,
NZ,
NZ,
NZ,
NZ,
NZ,
NZ,
NZ,
NZ,
NZ,
NZ,
NZ,
NZ,
NZ,
NZ,
NZ,
NZ,
NZ,
NZ,
NZ,
NZ,
NZ,
NZ,
NZ,
NZ,
NZ,
NZ,
NZ,
NZ,
NZ,
NZ,
NZ,
NZ,
NZ,
NZ,
NZ,
AQ,
NZ,
NZ,
NZ,
NZ,
NZ,
NZ,
NZ,
NZ,
NZ,
NZ,
NZ,
NZ,
NZ,
NZ,
NZ,
NZ,
NZ,
NZ,
NZ,
AQ,
NZ,
NZ,
NZ,
NZ,
NZ,
NZ,
NZ,
NZ,
NZ,
NZ,
NZ,
NZ,
NZ,
NZ,
NZ,
NZ,
NZ,
NZ,
AQ,
NZ,
NZ,
NZ,
NZ,
NZ,
NZ,
NZ,
NZ,
NZ,
NZ,
NZ,
NZ,
NZ,
NZ,
US,OA00
US,OA04
US,OA07
US,OA10
US,OA11
US,OA12
US,OA14
US,OA16
US,OA19
US,OA40
US,OA85
US,OA86
AF,
AF,
AF,
AF,
AF,
AF,
AF,
AF,
AF,
AF,
AF,
AF,
AF,
AF,
AF,
AF,
AF,
AF,
AF,
AF,
AF,
AF,
AF,
AF,
AF,
AF,
AF,
AF,
AF,
BH,
BH,
SA,
SA,
SA,
SA,
SA,
SA,
SA,
SA,
SA,
SA,
SA,
SA,
SA,
SA,
SA,
SA,
SA,
SA,
SA,
SA,
SA,
SA,
SA,
SA,
SA,
SA,
SA,
SA,
SA,
SA,
SA,
SA,
SA,
SA,
SA,
SA,
SA,
SA,
SA,
SA,
SA,
SA,
SA,
SA,
SA,
SA,
SA,
SA,
SA,
SA,
SA,
SA,
SA,
SA,
SA,
SA,
SA,
SA,
SA,
SA,
SA,
SA,
SA,
SA,
SA,
SA,
SA,
SA,
US,OG00
US,OG01
US,OG02
US,OG06
US,OG07
US,OG10
US,OG13
US,OG14
US,OG15
US,OG16
US,OG19
US,OG20
US,OG21
US,OG23
US,OG24
US,OG25
US,OG27
US,OG28
US,OG29
US,OG30
US,OG31
US,OG33
US,OG34
US,OG36
US,OG39
US,OG40
US,OG41
US,OG42
US,OG44
US,OG45
US,OG48
US,OG49
US,OG50
US,OG51
US,OG52
US,OG53
US,OG54
US,OG63
US,OH03
US,OH07
US,OH12
US,OH15
US,OH18
US,OH20
US,OH21
US,OH22
US,OH24
US,OH28
US,OH29
US,OH32
US,OH33
US,OH34
US,OH36
US,OH38
US,OH40
US,OH42
US,OH44
US,OH46
US,OH48
US,OH55
US,OH56
US,OH60
US,OH61
US,OH63
US,OH64
US,OH65
US,OH66
US,OH71
US,OH77
US,OH82
US,OH86
US,OH87
US,OH90
US,OH92
US,OH93
US,OH94
US,OH96
US,OH97
US,OH98
US,OH99
IR,
US,OI06
US,OI11
IR,
IR,
IR,
IR,
IR,
IR,
US,OI25
US,OI28
US,OI31
US,OI32
US,OI36
US,OI38
US,OI40
US,OI41
US,OI42
US,OI52
US,OI55
US,OI57
US,OI58
US,OI60
US,OI62
US,OI69
US,OI72
US,OI73
US,OI77
US,OI82
US,OI85
US,OI91
US,OI98
IR,
IR,
IR,
IR,
IR,
IR,
IR,
IR,
IR,
IR,
IR,
IR,
IR,
IR,
IR,
IR,
IR,
IR,
IR,
IR,
IR,
IR,
IR,
IR,
IR,
IR,
IR,
IR,
IR,
IR,
IR,
IR,
IR,
IR,
IR,
IR,
IR,
IR,
IR,
IR,
IR,
IR,
IR,
IR,
IR,
IR,
IR,
IR,
IR,
IR,
IR,
IR,
IR,
IR,
IR,
IR,
IR,
IR,
IR,
IR,
IR,
IR,
IR,
IR,
IR,
IR,
IR,
IR,
IR,
IR,
IR,
IR,
IR,
IR,
IR,
IR,
IR,
IR,
IR,
IR,
IR,
IR,
IR,
IR,
IR,
IR,
IR,
IR,
IR,
IR,
IR,
IR,
IR,
IR,
IR,
IR,
IR,
IR,
IR,
IR,
IR,
IR,
IR,
IR,
IR,
IR,
IR,
IR,
JO,
JO,
JO,
JO,
JO,
JO,
JO,
US,OK00
US,OK01
US,OK02
US,OK03
US,OK05
US,OK06
US,OK07
US,OK08
US,OK10
US,OK11
US,OK12
US,OK13
US,OK14
US,OK15
US,OK16
US,OK17
US,OK18
US,OK20
US,OK21
US,OK23
US,OK24
US,OK25
US,OK28
US,OK32
US,OK34
US,OK36
US,OK37
US,OK39
US,OK40
US,OK42
US,OK43
US,OK46
US,OK47
US,OK48
US,OK50
US,OK51
US,OK54
US,OK55
US,OK58
US,OK59
US,OK60
US,OK62
US,OK64
US,OK66
US,OK67
US,OK68
US,OK69
US,OK70
US,OK71
US,OK72
US,OK74
US,OK77
US,OK78
US,OK81
US,OK82
US,OK88
US,OK89
US,OK90
US,OK91
US,OK93
US,OK94
US,OK95
US,OK96
US,OK97
US,OK98
US,OK99
KW,
KW,
KW,
KW,
US,OL02
US,OL05
US,OL10
US,OL12
US,OL18
US,OL19
US,OL20
US,OL23
US,OL24
US,OL25
US,OL26
US,OL27
US,OL28
US,OL29
US,OL30
US,OL31
US,OL32
US,OL35
US,OL36
US,OL37
US,OL38
US,OL39
US,OL40
US,OL41
US,OL44
US,OL48
US,OL56
US,OL99
LB,
LB,
LB,
AE,
AE,
AE,
AE,
AE,
AE,
AE,
AE,
AE,
AE,
AE,
AE,
AE,
AE,
AE,
AE,
AE,
AE,
AE,
AE,
AE,
AE,
AE,
US,OMU9
AE,
OM,
OM,
OM,
OM,
OM,
OM,
OM,
OM,
OM,
OM,
OM,
OM,
OM,
OM,
OM,
OM,
OM,
OM,
OM,
OM,
OM,
PK,
PK,
PK,
PK,
PK,
PK,
PK,
PK,
PK,
PK,
PK,
PK,
PK,
PK,
PK,
PK,
PK,
PK,
PK,
PK,
PK,
PK,
PK,
PK,
PK,
PK,
PK,
PK,
PK,
PK,
PK,
PK,
PK,
PK,
PK,
PK,
PK,
PK,
PK,
PK,
PK,
PK,
PK,
PK,
PK,
PK,
PK,
PK,
PK,
PK,
PK,
PK,
PK,
PK,
PK,
PK,
PK,
PK,
PK,
PK,
PK,
PK,
PK,
PK,
PK,
PK,
PK,
PK,
PK,
PK,
PK,
PK,
PK,
PK,
PK,
PK,
PK,
PK,
PK,
PK,
PK,
PK,
PK,
PK,
PK,
PK,
PK,
PK,
PK,
PK,
PK,
PK,
PK,
PK,
PK,
PK,
PK,
PK,
PK,
PK,
PK,
PK,
US,OR00
US,OR01
US,OR03
US,OR04
US,OR05
US,OR06
US,OR07
US,OR08
US,OR09
US,OR10
US,OR11
US,OR12
US,OR13
US,OR14
US,OR16
US,OR17
US,OR20
US,OR21
US,OR22
US,OR23
US,OR25
US,OR27
US,OR28
US,OR29
US,OR30
US,OR31
US,OR32
US,OR34
US,OR35
US,OR38
US,OR39
US,OR40
US,OR41
US,OR42
US,OR44
US,OR45
US,OR46
US,OR47
US,OR50
US,OR51
US,OR52
US,OR53
US,OR54
US,OR57
US,OR59
US,OR60
US,OR61
US,OR62
US,OR65
US,OR66
US,OR67
US,OR70
US,OR71
US,OR72
US,OR74
US,OR76
US,OR78
US,OR79
US,OR80
US,OR81
US,OR82
US,OR84
US,OR85
US,OR86
US,OR87
US,OR89
US,OR90
US,OR92
US,OR94
US,OR95
US,OR96
IQ,
IQ,
IQ,
IQ,
IQ,
IQ,
IQ,
IQ,
IQ,
IQ,
IQ,
IQ,
IQ,
IQ,
IQ,
IQ,
IQ,
IQ,
IQ,
SY,
SY,
SY,
SY,
SY,
SY,
SY,
SY,
SY,
SY,
SY,
SY,
SY,
SY,
SY,
SY,
QA,
QA,
QA,
QA,
YE,
YE,
YE,
YE,
YE,
YE,
YE,
YE,
YE,
YE,
YE,
YE,
YE,
YE,
YE,
YE,
YE,
YE,
YE,
YE,
YE,
YE,
US,PA01
US,PA02
US,PA08
US,PA21
US,PA25
US,PA30
US,PA31
US,PA33
US,PA35
US,PA36
US,PA40
US,PA44
US,PA45
US,PA47
US,PA49
US,PA51
US,PA52
US,PA53
US,PA54
US,PA58
US,PA61
US,PA65
US,PA68
US,PA70
US,PA71
US,PA72
US,PA74
US,PA75
US,PA77
US,PA81
US,PA82
US,PA84
US,PA88
US,PA92
US,37AA
US,AKA
US,1AK3
US,AK23
US,AK7
US,PAQ
US,ATU
US,BTI
US,BET
US,BLG
US,BIG
US,BVK
US,37AK
US,AK78
US,BRW
US,BTT
US,8AK7
US,BCV
US,CDB
US,CEM
US,9A3
US,CIK
US,CJX
US,CFK
US,Z84
US,SCM
US,CRC
US,26AK
US,CDV
US,CXF
US,CZF
US,DEE
US,DGG
US,ADK
US,DLG
US,MDM
US,ADQ
US,DUT
US,DUY
US,EDF
US,EEK
US,EAA
US,EHM
US,EIL
US,ENM
US,ENA
US,EWU
US,FAI
US,FBK
US,AFE
US,TNW
US,AFM
US,FRN
US,FSP
US,GAL
US,GBH
US,GGV
US,SHG
US,GKN
US,GLV
US,GAM
US,
US,BGQ
US,GST
US,IGT
US,KGX
US,SGY
US,GSZ
US,HCA
US,HLA
US,HNS
US,HOM
US,HPB
US,HUS
US,HRR
US,SHX
US,IGG
US,EII
US,IAN
US,ILI
US,UTO
US,INR
US,IWK
US,AJC
US,JNU
US,JZZ
US,7KA
US,KDK
US,KFP
US,AKK
US,IIK
US,KKA
US,LKK
US,AKN
US,IKO
US,AKP
US,KTN
US,UBW
US,KAL
US,AKW
US,05K
US,KYK
US,2A3
US,KLG
US,LHD
US,AK15
US,WCR
US,TLT
US,LUR
US,MBA
US,MCG
US,MDO
US,MHM
US,SMK
US,MLY
US,MOU
US,MRI
US,15Z
US,MYU
US,WNA
US,ANC
US,ANI
US,ENN
US,5NN
US,ANN
US,NUL
US,ANV
US,KNW
US,OBU
US,A14
US,HNH
US,OME
US,OOK
US,ORT
US,OTZ
US,OUL
US,PBV
US,KPC
US,PEV
US,PSG
US,PTH
US,PKA
US,PTU
US,PNP
US,PHO
US,PPC
US,AQH
US,AQT
US,ARC
US,RSH
US,RBY
US,SVA
US,SCC
US,SDP
US,SHH
US,SIT
US,WLK
US,SLQ
US,KSM
US,SNP
US,SOV
US,SMU
US,UMM
US,SVW
US,SKW
US,SXQ
US,SYA
US,TAL
US,TNC
US,TER
US,TOG
US,TKA
US,TLJ
US,ATM
US,ATK
US,TTW
US,AUK
US,UMT
US,UNK
US,UUO
US,7AK
US,VAK
US,KVC
US,VDZ
US,VEE
US,KVL
US,WBQ
US,SWD
US,WRG
US,AWI
US,WMO
US,WTK
US,IEM
US,IYS
US,AK03
US,PXK
US,YAK
KI,
US,AKI
US,6A8
US,C05
US,CLP
US,01AA
US,ELI
US,Z09
US,9K2
US,2A9
US,KTS
US,KYU
US,KWT
US,RMP
US,D76
US,2C7
US,SVS
US,6K8
US,WSN
US,FYU
US,Z13
MP,GRO
MP,GSN
GU,UAM
GU,GUM
MP,TNI
US,BKH
US,HDH
US,HFS
US,HHI
US,HNM
US,JHM
US,JRF
US,KOA
US,LIH
US,LUP
US,MKK
US,MUE
US,NGF
US,HNL
US,LNY
US,OGG
US,PAK
US,BSF
US,ITO
US,UPP
MH,MAJ
MH,ROI
GY,
MH,KWA
KI,
KI,
KI,
UM,MDY
US,PN00
US,PN01
US,PN08
US,PN11
US,PN13
US,PN14
US,PN15
US,PN18
US,PN25
US,PN30
US,PN36
US,PN39
US,PN40
US,PN46
US,PN50
US,PN53
US,PN54
US,PN55
US,PN57
US,PN59
US,PN62
US,PN64
US,PN66
US,PN68
US,PN71
US,PN72
US,PN73
US,PN84
US,PN90
US,PN91
US,PN98
US,DCK
US,4KA
US,TCT
US,16A
US,PIZ
US,PR10
US,PR20
US,PR25
US,PS02
US,PS03
US,PS05
US,PS06
US,PS11
US,PS12
US,PS15
US,PS18
US,PS20
US,PS21
US,PS27
US,PS39
US,PS42
US,PS43
US,PS46
US,PS47
US,PS50
US,PS52
US,PS54
US,PS61
US,PS64
US,PS66
US,PS69
US,PS82
US,PS99
FM,TKK
FM,PNI
PW,ROR
FM,TTK
FM,T11
UM,AWK
TW,
TW,
TW,
TW,
TW,
TW,
TW,
TW,
TW,
TW,
TW,
TW,
TW,
TW,
TW,
TW,
TW,
TW,
TW,
TW,
TW,
TW,
TW,
TW,
TW,
DE,
US,RI07
US,RI11
JP,
JP,
JP,
JP,
JP,
JP,
JP,
JP,
JP,
JP,
JP,
JP,
JP,
JP,
JP,
JP,
JP,
JP,
JP,
JP,
JP,
JP,
JP,
JP,
JP,
JP,
JP,
JP,
JP,
JP,
JP,
JP,
JP,
JP,
JP,
JP,
JP,
JP,
JP,
JP,
JP,
JP,
JP,
JP,
JP,
JP,
JP,
JP,
JP,
JP,
JP,
JP,
JP,
JP,
JP,
JP,
JP,
JP,
JP,
JP,
JP,
JP,
JP,
JP,
JP,
JP,
JP,
JP,
JP,
JP,
JP,
JP,
JP,
JP,
JP,
JP,
JP,
JP,
JP,
JP,
JP,
JP,
JP,
JP,
JP,
JP,
JP,
JP,
JP,
JP,
JP,
JP,
JP,
JP,
JP,
JP,
JP,
JP,
JP,
JP,
JP,
JP,
JP,
JP,
JP,
JP,
JP,
JP,
JP,
JP,
JP,
JP,
JP,
KR,
KR,
KR,
KR,
KR,
KR,
KR,
KR,
KR,
KR,
KR,
KR,
KR,
KR,
KR,
KR,
KR,
KR,
KR,
KR,
KR,
KR,
KR,
KR,
KR,
KR,
KR,
KR,
KR,
KR,
KR,
KR,
KR,
KR,
KR,
KR,
KR,
KR,
KR,
KR,
KR,
KR,
KR,
KR,
KR,
KR,
KR,
KR,
KR,
KR,
KR,
KR,
KR,
KR,
KR,
KR,
KR,
KR,
KR,
KR,
KR,
KR,
KR,
KR,
KR,
KR,
KR,
KR,
KR,
KR,
KR,
KR,
KR,
KR,
KR,
KR,
KR,
JP,
JP,
JP,
JP,
JP,
JP,
JP,
JP,
JP,
JP,
JP,
JP,
JP,
JP,
JP,
JP,
JP,
PH,
PH,
PH,
PH,
PH,
PH,
PH,
PH,
PH,
PH,
PH,
PH,
PH,
PH,
PH,
PH,
PH,
PH,
PH,
PH,
PH,
PH,
PH,
PH,
PH,
PH,
PH,
PH,
PH,
PH,
PH,
PH,
PH,
PH,
PH,
PH,
PH,
PH,
PH,
PH,
PH,
PH,
PH,
PH,
PH,
PH,
PH,
PH,
PH,
PH,
PH,
PH,
PH,
PH,
PH,
PH,
PH,
PH,
PH,
PH,
PH,
PH,
PH,
PH,
PH,
PH,
PH,
PH,
PH,
PH,
PH,
PH,
PH,
PH,
PH,
PH,
PH,
PH,
PH,
PH,
PH,
PH,
PH,
PH,
PH,
PH,
PH,
PH,
PH,
PH,
PH,
PH,
PH,
PH,
PH,
AR,
AR,
AR,
AR,
AR,
AR,
AR,
AR,
AR,
AR,
AR,
AR,
AR,
AR,
AR,
AR,
AR,
AR,
AR,
AR,
AR,
AR,
AR,
AR,
AR,
AR,
AR,
AR,
AR,
AR,
AR,
AR,
AR,
AR,
AR,
AR,
AR,
AR,
AR,
AR,
AR,
AR,
AR,
AR,
AR,
AR,
AR,
AR,
AR,
AR,
AR,
AR,
AR,
AR,
AR,
AR,
AR,
AR,
AR,
AR,
AR,
AR,
AR,
AR,
AR,
AR,
AR,
AR,
AR,
AR,
AR,
AR,
AR,
AR,
AR,
AR,
AR,
AR,
AR,
AR,
AR,
AR,
AR,
AR,
AR,
AR,
AR,
AR,
AR,
AR,
AR,
AR,
AR,
AR,
AR,
AR,
AR,
AR,
AR,
AR,
AR,
AR,
AR,
AR,
AR,
AR,
AR,
AR,
AR,
AR,
AR,
AR,
AR,
AR,
AR,
AR,
AR,
AR,
AR,
AR,
AR,
AR,
AR,
AR,
AR,
AR,
AR,
AR,
AR,
AR,
AR,
AR,
AR,
AR,
AR,
AR,
AR,
AR,
AR,
AR,
AR,
AR,
AR,
AR,
AR,
AR,
AR,
AR,
AR,
AR,
AR,
AR,
AR,
AR,
AR,
AR,
AR,
AR,
AR,
AR,
AR,
AR,
AR,
AR,
AR,
AR,
AR,
AR,
AR,
AR,
AQ,
AR,
AR,
AR,
AR,
AR,
AR,
AR,
AR,
AR,
AR,
AR,
AR,
AR,
AR,
AQ,
AQ,
AQ,
AQ,
AQ,
AQ,
AR,
AR,
AR,
AR,
AR,
AR,
AR,
AR,
AR,
AR,
AR,
AR,
AR,
AR,
AR,
AR,
AR,
AR,
AR,
AR,
AR,
AR,
AR,
AR,
AR,
BR,
BR,
BR,
BR,
BR,
BR,
BR,
BR,
BR,
BR,
BR,
BR,
BR,
BR,
BR,
BR,
BR,
BR,
BR,
BR,
BR,
BR,
BR,
BR,
BR,
BR,
BR,
BR,
BR,
BR,
BR,
BR,
BR,
BR,
BR,
BR,
BR,
BR,
BR,
BR,
BR,
BR,
BR,
BR,
BR,
BR,
BR,
BR,
BR,
BR,
BR,
BR,
BR,
BR,
BR,
BR,
BR,
BR,
BR,
BR,
BR,
BR,
BR,
BR,
BR,
BR,
BR,
BR,
BR,
BR,
BR,
BR,
BR,
BR,
BR,
BR,
BR,
BR,
BR,
BR,
BR,
BR,
BR,
BR,
BR,
BR,
BR,
BR,
BR,
BR,
BR,
BR,
BR,
BR,
BR,
BR,
BR,
BR,
BR,
BR,
BR,
BR,
BR,
BR,
BR,
BR,
BR,
BR,
BR,
BR,
BR,
BR,
BR,
BR,
BR,
BR,
BR,
BR,
BR,
BR,
BR,
BR,
BR,
BR,
BR,
BR,
BR,
BR,
BR,
BR,
BR,
BR,
BR,
BR,
BR,
BR,
BR,
BR,
BR,
BR,
BR,
BR,
BR,
BR,
BR,
BR,
BR,
BR,
BR,
BR,
BR,
BR,
BR,
BR,
US,SC00
US,SC01
US,SC03
US,SC05
US,SC06
US,SC07
US,SC12
US,SC13
US,SC16
US,SC17
US,SC19
CL,
US,SC20
US,SC21
US,SC23
US,SC24
US,SC26
US,SC34
US,SC35
US,SC36
US,SC37
US,SC38
US,SC39
US,SC41
US,SC42
US,SC43
US,SC44
US,SC45
US,SC46
US,SC47
US,SC48
US,SC51
US,SC55
US,SC56
US,SC57
US,SC58
US,SC61
US,SC65
US,SC66
US,SC67
US,SC69
US,SC72
US,SC74
US,SC75
US,SC76
US,SC78
US,SC81
US,SC82
US,SC84
US,SC86
US,SC87
US,SC88
US,SC90
US,SC91
US,SC92
US,SC94
US,SC95
US,SC98
US,SC99
CL,
CL,
CL,
CL,
CL,
CL,
CL,
CL,
CL,
CL,
CL,
CL,
CL,
CL,
CL,
CL,
CL,
CL,
CL,
CL,
CL,
CL,
CL,
CL,
CL,
CL,
CL,
CL,
CL,
CL,
AQ,
CL,
CL,
CL,
CL,
CL,
CL,
CL,
CL,
CL,
CL,
CL,
CL,
CL,
CL,
CL,
CL,
CL,
CL,
CL,
CL,
CL,
CL,
CL,
CL,
CL,
CL,
CL,
CL,
CL,
CL,
CL,
CL,
CL,
CL,
CL,
CL,
CL,
CL,
CL,
CL,
CL,
CL,
CL,
CL,
CL,
CL,
CL,
CL,
CL,
CL,
CL,
CL,
CL,
CL,
CL,
CL,
CL,
CL,
CL,
CL,
CL,
CL,
CL,
CL,
CL,
CL,
CL,
AQ,
CL,
CL,
CL,
CL,
CL,
CL,
CL,
CL,
CL,
CL,
CL,
CL,
CL,
CL,
CL,
CL,
CL,
CL,
CL,
CL,
CL,
CL,
CL,
CL,
CL,
CL,
CL,
CL,
CL,
CL,
CL,
CL,
CL,
CL,
CL,
CL,
CL,
CL,
CL,
CL,
CL,
CL,
CL,
CL,
CL,
CL,
CL,
CL,
CL,
CL,
CL,
CL,
CL,
CL,
CL,
CL,
CL,
CL,
CL,
CL,
CL,
CL,
CL,
CL,
CL,
CL,
CL,
CL,
CL,
CL,
CL,
CL,
CL,
CL,
CL,
CL,
CL,
CL,
CL,
CL,
CL,
CL,
CL,
CL,
CL,
CL,
CL,
CL,
CL,
CL,
CL,
CL,
CL,
CL,
CL,
CL,
CL,
CL,
CL,
CL,
CL,
CL,
CL,
CL,
CL,
CL,
CL,
CL,
CL,
CL,
CL,
CL,
CL,
CL,
CL,
CL,
CL,
CL,
CL,
CL,
CL,
CL,
CL,
CL,
CL,
CL,
CL,
CL,
CL,
CL,
CL,
CL,
CL,
CL,
CL,
CL,
CL,
CL,
CL,
CL,
CL,
CL,
CL,
CL,
CL,
CL,
CL,
CL,
CL,
CL,
CL,
CL,
CL,
CL,
AQ,
CL,
CL,
CL,
CL,
CL,
CL,
CL,
CL,
CL,
CL,
CL,
CL,
CL,
CL,
CL,
CL,
CL,
CL,
CL,
CL,
CL,
CL,
AQ,
CL,
CL,
CL,
CL,
CL,
CL,
CL,
CL,
CL,
CL,
CL,
CL,
CL,
CL,
CL,
CL,
CL,
CL,
CL,
CL,
CL,
CL,
CL,
CL,
CL,
CL,
CL,
CL,
CL,
CL,
CL,
CL,
CL,
CL,
CL,
CL,
CL,
CL,
CL,
CL,
CL,
CL,
CL,
CL,
CL,
CL,
CL,
CL,
CL,
CL,
CL,
CL,
CL,
CL,
CL,
CL,
CL,
CL,
CL,
CL,
CL,
CL,
CL,
CL,
CL,
CL,
CL,
CL,
CL,
CL,
CL,
CL,
CL,
CL,
CL,
CL,
CL,
CL,
CL,
CL,
CL,
CL,
CL,
CL,
CL,
CL,
CL,
CL,
CL,
CL,
US,SD00
US,SD01
US,SD03
US,SD05
US,SD13
US,SD14
US,SD19
US,SD21
US,SD24
US,SD25
US,SD27
US,SD29
US,SD30
US,SD32
US,SD33
US,SD35
US,SD36
US,SD43
US,SD44
US,SD46
US,SD47
US,SD48
US,SD49
US,SD50
US,SD53
US,SD55
US,SD57
US,SD59
US,SD61
US,SD65
US,SD68
US,SD71
US,SD72
US,SD73
US,SD74
US,SD76
US,SD77
US,SD78
US,SD83
US,SD90
US,SD93
US,SD94
US,SD97
US,SD98
BR,
BR,
BR,
BR,
BR,
BR,
BR,
BR,
BR,
BR,
BR,
BR,
BR,
BR,
BR,
BR,
BR,
BR,
BR,
BR,
BR,
BR,
BR,
BR,
BR,
BR,
BR,
BR,
BR,
BR,
BR,
BR,
BR,
BR,
BR,
BR,
BR,
BR,
BR,
BR,
BR,
BR,
BR,
BR,
BR,
BR,
BR,
BR,
BR,
BR,
BR,
BR,
BR,
BR,
BR,
BR,
BR,
BR,
BR,
BR,
BR,
BR,
BR,
BR,
BR,
BR,
BR,
BR,
BR,
BR,
BR,
BR,
BR,
BR,
BR,
BR,
BR,
BR,
BR,
BR,
BR,
BR,
BR,
BR,
BR,
BR,
BR,
BR,
BR,
BR,
BR,
BR,
BR,
BR,
BR,
BR,
BR,
BR,
BR,
BR,
BR,
BR,
BR,
BR,
BR,
BR,
BR,
BR,
BR,
BR,
BR,
BR,
BR,
BR,
BR,
BR,
BR,
BR,
BR,
BR,
BR,
BR,
BR,
BR,
BR,
BR,
BR,
BR,
BR,
BR,
BR,
BR,
BR,
BR,
BR,
BR,
BR,
BR,
BR,
BR,
BR,
BR,
BR,
BR,
BR,
BR,
BR,
BR,
BR,
BR,
BR,
BR,
BR,
BR,
BR,
BR,
BR,
BR,
BR,
BR,
BR,
BR,
BR,
BR,
BR,
BR,
BR,
BR,
BR,
BR,
BR,
BR,
BR,
BR,
BR,
BR,
BR,
BR,
BR,
BR,
BR,
BR,
BR,
BR,
BR,
BR,
BR,
BR,
BR,
BR,
BR,
BR,
BR,
BR,
BR,
BR,
BR,
BR,
BR,
BR,
BR,
BR,
BR,
BR,
BR,
BR,
BR,
BR,
BR,
BR,
BR,
BR,
BR,
BR,
BR,
BR,
BR,
BR,
BR,
BR,
BR,
BR,
BR,
BR,
BR,
BR,
BR,
BR,
BR,
BR,
BR,
BR,
BR,
BR,
BR,
BR,
BR,
BR,
BR,
BR,
BR,
BR,
BR,
BR,
BR,
BR,
BR,
BR,
BR,
BR,
BR,
BR,
BR,
BR,
BR,
BR,
BR,
BR,
BR,
BR,
BR,
BR,
BR,
BR,
BR,
BR,
BR,
BR,
BR,
BR,
BR,
BR,
BR,
BR,
BR,
BR,
BR,
BR,
BR,
BR,
BR,
BR,
BR,
BR,
BR,
BR,
BR,
BR,
BR,
BR,
BR,
BR,
BR,
BR,
BR,
BR,
BR,
BR,
BR,
BR,
EC,
EC,
EC,
EC,
EC,
EC,
EC,
EC,
EC,
EC,
EC,
EC,
EC,
EC,
EC,
EC,
EC,
EC,
EC,
EC,
EC,
EC,
EC,
EC,
EC,
EC,
EC,
EC,
EC,
EC,
EC,
EC,
EC,
EC,
EC,
EC,
EC,
EC,
EC,
EC,
EC,
EC,
EC,
EC,
EC,
EC,
EC,
EC,
EC,
EC,
EC,
EC,
EC,
EC,
EC,
EC,
EC,
EC,
EC,
EC,
EC,
EC,
EC,
EC,
EC,
EC,
EC,
EC,
EC,
EC,
EC,
EC,
EC,
EC,
EC,
EC,
EC,
EC,
EC,
EC,
FK,
PY,
PY,
PY,
PY,
PY,
PY,
PY,
PY,
PY,
PY,
PY,
PY,
PY,
PY,
PY,
PY,
PY,
PY,
PY,
PY,
PY,
PY,
PY,
BR,
BR,
BR,
BR,
BR,
BR,
BR,
BR,
BR,
BR,
BR,
BR,
BR,
BR,
BR,
BR,
BR,
BR,
BR,
BR,
BR,
BR,
BR,
BR,
BR,
BR,
BR,
BR,
BR,
BR,
BR,
BR,
BR,
BR,
BR,
BR,
BR,
BR,
BR,
BR,
BR,
BR,
BR,
BR,
BR,
BR,
BR,
BR,
BR,
BR,
BR,
BR,
BR,
BR,
BR,
BR,
BR,
BR,
BR,
BR,
BR,
BR,
BR,
BR,
BR,
BR,
BR,
BR,
BR,
BR,
BR,
BR,
BR,
BR,
BR,
BR,
BR,
BR,
BR,
BR,
BR,
BR,
BR,
BR,
BR,
BR,
BR,
BR,
BR,
BR,
BR,
BR,
BR,
BR,
BR,
BR,
BR,
BR,
BR,
BR,
BR,
BR,
BR,
BR,
BR,
BR,
BR,
BR,
BR,
BR,
BR,
BR,
BR,
BR,
BR,
BR,
BR,
BR,
BR,
BR,
BR,
BR,
BR,
BR,
BR,
BR,
BR,
BR,
BR,
BR,
BR,
BR,
BR,
BR,
BR,
BR,
BR,
BR,
BR,
BR,
BR,
BR,
BR,
BR,
BR,
BR,
BR,
BR,
BR,
BR,
BR,
BR,
BR,
BR,
BR,
BR,
BR,
BR,
BR,
BR,
BR,
BR,
BR,
BR,
BR,
BR,
BR,
BR,
BR,
BR,
BR,
BR,
BR,
BR,
BR,
BR,
BR,
BR,
BR,
BR,
BR,
BR,
BR,
BR,
BR,
BR,
BR,
BR,
BR,
BR,
BR,
BR,
BR,
BR,
BR,
BR,
BR,
BR,
BR,
BR,
BR,
BR,
BR,
BR,
BR,
BR,
BR,
BR,
BR,
BR,
BR,
BR,
BR,
BR,
BR,
BR,
BR,
BR,
BR,
BR,
BR,
BR,
BR,
BR,
BR,
BR,
BR,
BR,
BR,
BR,
BR,
BR,
BR,
BR,
BR,
BR,
BR,
BR,
BR,
BR,
BR,
BR,
BR,
BR,
BR,
BR,
BR,
BR,
BR,
BR,
BR,
BR,
BR,
BR,
BR,
BR,
BR,
BR,
BR,
BR,
BR,
BR,
BR,
BR,
BR,
BR,
BR,
BR,
BR,
BR,
BR,
BR,
BR,
BR,
BR,
BR,
BR,
BR,
BR,
BR,
BR,
BR,
BR,
BR,
BR,
BR,
BR,
BR,
BR,
BR,
BR,
BR,
BR,
BR,
BR,
BR,
BR,
BR,
BR,
BR,
BR,
BR,
BR,
BR,
BR,
BR,
BR,
BR,
BR,
BR,
BR,
BR,
BR,
BR,
BR,
BR,
BR,
BR,
BR,
BR,
BR,
BR,
BR,
BR,
BR,
BR,
BR,
BR,
BR,
BR,
BR,
BR,
BR,
BR,
BR,
BR,
BR,
BR,
BR,
BR,
BR,
BR,
BR,
BR,
BR,
BR,
BR,
BR,
BR,
BR,
BR,
BR,
BR,
BR,
BR,
BR,
BR,
BR,
BR,
BR,
BR,
BR,
BR,
BR,
BR,
BR,
BR,
BR,
BR,
BR,
BR,
BR,
BR,
BR,
BR,
BR,
BR,
BR,
BR,
BR,
BR,
BR,
BR,
BR,
BR,
BR,
BR,
BR,
BR,
BR,
BR,
BR,
BR,
BR,
BR,
BR,
BR,
BR,
BR,
BR,
BR,
BR,
BR,
BR,
BR,
BR,
BR,
BR,
BR,
BR,
BR,
BR,
BR,
BR,
BR,
BR,
BR,
BR,
BR,
BR,
BR,
BR,
BR,
BR,
BR,
BR,
BR,
BR,
BR,
BR,
BR,
BR,
BR,
BR,
BR,
BR,
BR,
BR,
BR,
BR,
BR,
BR,
BR,
BR,
BR,
BR,
BR,
BR,
BR,
BR,
BR,
BR,
BR,
BR,
BR,
BR,
BR,
BR,
BR,
BR,
BR,
BR,
BR,
BR,
BR,
BR,
BR,
BR,
BR,
BR,
BR,
BR,
BR,
BR,
BR,
BR,
BR,
BR,
BR,
BR,
BR,
BR,
BR,
BR,
BR,
BR,
BR,
BR,
BR,
BR,
BR,
BR,
BR,
BR,
BR,
BR,
BR,
BR,
BR,
BR,
BR,
BR,
BR,
BR,
BR,
BR,
BR,
BR,
BR,
BR,
BR,
BR,
BR,
BR,
BR,
BR,
BR,
BR,
BR,
BR,
BR,
BR,
BR,
BR,
BR,
BR,
BR,
BR,
BR,
BR,
BR,
BR,
BR,
BR,
BR,
BR,
BR,
BR,
BR,
BR,
BR,
BR,
BR,
BR,
BR,
BR,
BR,
BR,
BR,
BR,
BR,
BR,
BR,
BR,
BR,
BR,
BR,
BR,
BR,
BR,
BR,
BR,
BR,
BR,
BR,
BR,
BR,
BR,
BR,
BR,
BR,
BR,
BR,
BR,
BR,
BR,
BR,
BR,
BR,
BR,
BR,
BR,
BR,
BR,
BR,
BR,
BR,
BR,
BR,
BR,
BR,
BR,
BR,
BR,
BR,
BR,
BR,
BR,
BR,
BR,
BR,
BR,
BR,
BR,
BR,
BR,
BR,
BR,
BR,
BR,
BR,
BR,
BR,
BR,
BR,
BR,
BR,
BR,
BR,
BR,
BR,
BR,
BR,
BR,
BR,
BR,
BR,
BR,
BR,
BR,
BR,
BR,
BR,
BR,
BR,
BR,
BR,
BR,
BR,
BR,
BR,
BR,
BR,
BR,
BR,
BR,
BR,
BR,
BR,
BR,
BR,
BR,
BR,
BR,
BR,
BR,
BR,
BR,
BR,
BR,
BR,
BR,
BR,
BR,
BR,
BR,
BR,
BR,
BR,
BR,
BR,
BR,
BR,
BR,
BR,
BR,
BR,
BR,
BR,
BR,
BR,
BR,
BR,
BR,
BR,
BR,
BR,
BR,
BR,
BR,
BR,
BR,
BR,
BR,
BR,
BR,
BR,
BR,
BR,
BR,
BR,
BR,
BR,
BR,
BR,
BR,
BR,
BR,
BR,
BR,
BR,
BR,
BR,
BR,
BR,
BR,
BR,
BR,
BR,
BR,
BR,
BR,
BR,
BR,
BR,
BR,
BR,
BR,
BR,
BR,
BR,
BR,
BR,
BR,
BR,
BR,
BR,
BR,
BR,
BR,
BR,
BR,
BR,
BR,
BR,
BR,
BR,
BR,
BR,
BR,
BR,
BR,
BR,
BR,
BR,
BR,
BR,
BR,
BR,
BR,
BR,
BR,
BR,
BR,
BR,
BR,
BR,
BR,
BR,
BR,
BR,
BR,
BR,
BR,
BR,
BR,
BR,
BR,
BR,
BR,
BR,
BR,
BR,
BR,
BR,
BR,
BR,
BR,
BR,
BR,
BR,
BR,
BR,
BR,
BR,
BR,
BR,
BR,
BR,
BR,
BR,
BR,
BR,
BR,
BR,
BR,
BR,
BR,
BR,
BR,
BR,
BR,
BR,
BR,
BR,
BR,
BR,
BR,
BR,
BR,
BR,
BR,
BR,
BR,
BR,
BR,
CO,
CO,
CO,
CO,
CO,
CO,
CO,
CO,
CO,
CO,
CO,
CO,
CO,
CO,
CO,
CO,
CO,
CO,
CO,
CO,
CO,
CO,
CO,
CO,
CO,
CO,
CO,
CO,
CO,
CO,
CO,
CO,
CO,
CO,
CO,
CO,
CO,
CO,
CO,
CO,
CO,
CO,
CO,
CO,
CO,
CO,
CO,
CO,
CO,
CO,
CO,
CO,
CO,
CO,
CO,
CO,
CO,
CO,
CO,
CO,
CO,
CO,
CO,
CO,
CO,
CO,
CO,
CO,
CO,
CO,
CO,
CO,
CO,
CO,
CO,
CO,
CO,
CO,
CO,
CO,
CO,
CO,
CO,
CO,
CO,
CO,
CO,
CO,
CO,
CO,
CO,
CO,
CO,
CO,
CO,
CO,
CO,
CO,
CO,
CO,
CO,
CO,
CO,
CO,
CO,
CO,
CO,
CO,
CO,
CO,
CO,
CO,
CO,
CO,
CO,
CO,
CO,
CO,
CO,
CO,
CO,
CO,
CO,
CO,
BO,
BO,
BO,
BO,
BO,
BO,
BO,
BO,
BO,
BO,
BO,
BO,
BO,
BO,
BO,
BO,
BO,
BO,
BO,
BO,
BO,
BO,
BO,
BO,
BO,
BO,
BO,
BO,
BO,
BO,
BO,
BO,
BO,
BO,
BO,
BO,
BO,
BO,
BO,
BO,
BO,
BO,
BO,
BO,
BO,
BO,
BO,
BO,
BO,
BO,
BO,
BO,
BO,
BO,
BO,
BO,
BO,
BO,
BO,
BO,
BO,
BO,
BO,
BO,
BO,
BO,
BO,
BO,
BO,
BO,
BO,
BO,
BO,
BO,
BO,
BO,
BO,
BO,
BO,
BO,
BO,
BO,
BO,
BO,
BO,
BO,
BO,
BO,
BO,
BO,
BO,
BO,
BO,
BO,
BO,
BO,
BO,
BO,
BO,
BO,
BO,
BO,
BO,
BO,
BO,
BO,
BO,
BO,
BO,
BO,
BO,
BO,
BO,
BO,
BO,
BO,
BO,
BO,
BO,
BO,
BO,
BO,
BO,
BO,
BO,
BO,
BO,
BO,
BO,
BO,
BO,
BO,
BO,
BO,
BO,
BO,
BO,
BO,
BO,
BO,
BO,
BO,
BO,
BO,
BO,
BO,
BO,
BO,
BO,
BO,
BO,
BO,
BO,
BO,
BO,
BO,
BO,
BO,
BO,
BO,
BO,
BO,
BO,
BO,
BO,
BO,
BO,
BO,
BO,
BO,
BO,
BO,
BO,
BO,
BO,
BO,
BO,
BO,
BO,
BO,
BO,
SR,
SR,
SR,
SR,
SR,
SR,
SR,
SR,
SR,
SR,
SR,
SR,
SR,
SR,
SR,
SR,
SR,
SR,
SR,
SR,
SR,
SR,
SR,
SR,
SR,
SR,
SR,
SR,
SR,
US,SN03
US,SN04
US,SN05
US,SN08
US,SN10
US,SN12
US,SN13
US,SN18
US,SN20
US,SN21
US,SN22
US,SN29
US,SN32
US,SN33
US,SN34
US,SN36
US,SN37
US,SN40
US,SN42
US,SN45
US,SN46
US,SN47
US,SN51
US,SN52
US,SN55
US,SN61
US,SN62
US,SN63
US,SN64
US,SN65
US,SN67
US,SN68
US,SN69
US,SN70
US,SN72
US,SN75
US,SN78
US,SN83
US,SN88
US,SN90
US,SN91
US,SN92
US,SN94
US,SN95
US,SN97
US,SN98
US,SN99
BR,
BR,
BR,
BR,
BR,
BR,
BR,
BR,
BR,
BR,
BR,
BR,
BR,
BR,
BR,
BR,
BR,
BR,
BR,
BR,
BR,
BR,
BR,
BR,
BR,
BR,
BR,
BR,
BR,
BR,
BR,
BR,
BR,
BR,
BR,
BR,
BR,
BR,
BR,
BR,
BR,
BR,
BR,
BR,
BR,
BR,
BR,
BR,
BR,
BR,
BR,
BR,
BR,
BR,
BR,
BR,
BR,
BR,
BR,
BR,
BR,
BR,
BR,
BR,
BR,
BR,
BR,
BR,
BR,
BR,
BR,
BR,
BR,
BR,
BR,
BR,
BR,
BR,
BR,
BR,
BR,
BR,
BR,
BR,
BR,
BR,
BR,
BR,
BR,
BR,
BR,
BR,
BR,
BR,
BR,
BR,
BR,
BR,
BR,
BR,
BR,
BR,
BR,
BR,
BR,
BR,
BR,
BR,
BR,
BR,
BR,
BR,
BR,
BR,
BR,
BR,
BR,
BR,
BR,
BR,
BR,
BR,
BR,
BR,
BR,
BR,
BR,
BR,
BR,
BR,
BR,
BR,
BR,
BR,
BR,
BR,
BR,
BR,
BR,
BR,
BR,
BR,
BR,
BR,
BR,
BR,
BR,
BR,
BR,
BR,
BR,
BR,
BR,
BR,
BR,
BR,
BR,
BR,
BR,
BR,
BR,
BR,
BR,
BR,
BR,
BR,
BR,
BR,
BR,
BR,
BR,
BR,
BR,
BR,
BR,
BR,
BR,
BR,
BR,
BR,
BR,
BR,
BR,
BR,
BR,
BR,
BR,
BR,
BR,
BR,
BR,
BR,
BR,
BR,
BR,
BR,
BR,
BR,
BR,
BR,
BR,
BR,
BR,
BR,
BR,
BR,
BR,
BR,
BR,
BR,
BR,
BR,
BR,
BR,
BR,
BR,
BR,
BR,
BR,
BR,
BR,
BR,
BR,
BR,
BR,
BR,
BR,
BR,
BR,
BR,
BR,
BR,
BR,
BR,
BR,
BR,
BR,
BR,
BR,
BR,
BR,
BR,
BR,
BR,
BR,
BR,
BR,
BR,
BR,
BR,
BR,
BR,
BR,
BR,
BR,
BR,
BR,
BR,
BR,
BR,
BR,
BR,
BR,
BR,
BR,
BR,
BR,
BR,
BR,
BR,
BR,
BR,
BR,
BR,
BR,
BR,
BR,
BR,
BR,
BR,
BR,
BR,
BR,
BR,
BR,
BR,
BR,
BR,
BR,
BR,
BR,
BR,
BR,
BR,
BR,
BR,
BR,
BR,
BR,
BR,
BR,
BR,
BR,
BR,
BR,
BR,
BR,
BR,
BR,
BR,
BR,
BR,
BR,
BR,
BR,
BR,
BR,
BR,
BR,
BR,
BR,
BR,
BR,
BR,
BR,
BR,
BR,
BR,
BR,
BR,
BR,
BR,
BR,
BR,
BR,
BR,
BR,
BR,
BR,
BR,
BR,
BR,
BR,
BR,
BR,
BR,
BR,
BR,
BR,
BR,
BR,
BR,
BR,
BR,
BR,
BR,
BR,
BR,
BR,
BR,
BR,
BR,
BR,
BR,
BR,
BR,
BR,
BR,
BR,
BR,
BR,
BR,
BR,
BR,
BR,
BR,
BR,
BR,
BR,
BR,
BR,
BR,
BR,
BR,
BR,
BR,
BR,
BR,
BR,
BR,
BR,
BR,
BR,
BR,
BR,
BR,
BR,
BR,
BR,
BR,
BR,
BR,
BR,
BR,
BR,
BR,
BR,
BR,
BR,
BR,
BR,
BR,
BR,
BR,
BR,
BR,
BR,
BR,
BR,
BR,
BR,
BR,
BR,
BR,
BR,
BR,
BR,
BR,
BR,
BR,
BR,
BR,
BR,
BR,
BR,
BR,
BR,
BR,
BR,
BR,
BR,
BR,
BR,
BR,
BR,
BR,
BR,
BR,
BR,
BR,
BR,
BR,
BR,
BR,
BR,
BR,
BR,
BR,
BR,
BR,
BR,
BR,
BR,
BR,
BR,
BR,
BR,
BR,
BR,
BR,
BR,
BR,
BR,
BR,
BR,
BR,
BR,
BR,
BR,
BR,
BR,
BR,
BR,
BR,
BR,
BR,
BR,
BR,
BR,
BR,
BR,
BR,
BR,
BR,
BR,
BR,
BR,
BR,
BR,
BR,
BR,
BR,
BR,
BR,
BR,
BR,
BR,
BR,
BR,
BR,
BR,
BR,
BR,
BR,
BR,
BR,
BR,
BR,
GF,
GF,
PE,
GF,
GF,
GF,
GF,
GF,
GF,
PE,
PE,
PE,
PE,
PE,
PE,
PE,
PE,
PE,
PE,
PE,
PE,
PE,
PE,
PE,
PE,
PE,
PE,
PE,
PE,
PE,
PE,
PE,
PE,
PE,
PE,
PE,
PE,
PE,
PE,
PE,
PE,
PE,
PE,
PE,
PE,
PE,
PE,
PE,
PE,
PE,
PE,
PE,
PE,
PE,
PE,
PE,
PE,
PE,
PE,
PE,
PE,
PE,
PE,
PE,
PE,
PE,
PE,
PE,
PE,
PE,
PE,
PE,
PE,
PE,
PE,
PE,
PE,
PE,
PE,
PE,
PE,
PE,
PE,
PE,
PE,
PE,
PE,
PE,
PE,
PE,
PE,
PE,
PE,
PE,
PE,
PE,
PE,
PE,
PE,
PE,
PE,
PE,
PE,
PE,
PE,
PE,
PE,
PE,
PE,
PE,
PE,
PE,
PE,
PE,
PE,
PE,
PE,
PE,
PE,
PE,
PE,
PE,
PE,
PE,
PE,
PE,
PE,
PE,
PE,
PE,
PE,
PE,
PE,
PE,
PE,
PE,
PE,
PE,
PE,
PE,
PE,
PE,
PE,
PE,
PE,
PE,
PE,
PE,
PE,
PE,
PE,
PE,
PE,
PE,
PE,
PE,
PE,
PE,
PE,
PE,
PE,
PE,
PE,
PE,
PE,
PE,
PE,
PE,
PE,
BR,
BR,
BR,
BR,
BR,
BR,
BR,
BR,
BR,
BR,
BR,
BR,
BR,
BR,
BR,
BR,
BR,
BR,
BR,
BR,
BR,
BR,
BR,
BR,
BR,
BR,
BR,
BR,
BR,
BR,
BR,
BR,
BR,
BR,
BR,
BR,
BR,
BR,
BR,
BR,
BR,
BR,
BR,
BR,
BR,
BR,
BR,
BR,
BR,
BR,
BR,
BR,
BR,
BR,
BR,
BR,
BR,
BR,
BR,
BR,
BR,
BR,
BR,
BR,
BR,
BR,
BR,
BR,
BR,
BR,
BR,
BR,
BR,
BR,
BR,
BR,
BR,
BR,
BR,
BR,
BR,
BR,
BR,
BR,
BR,
BR,
BR,
BR,
BR,
BR,
BR,
BR,
BR,
BR,
BR,
BR,
BR,
BR,
BR,
BR,
BR,
BR,
BR,
BR,
BR,
BR,
BR,
BR,
BR,
BR,
BR,
BR,
BR,
BR,
BR,
BR,
BR,
BR,
BR,
BR,
BR,
BR,
BR,
BR,
BR,
BR,
BR,
BR,
BR,
BR,
BR,
BR,
BR,
BR,
BR,
BR,
BR,
BR,
BR,
BR,
BR,
BR,
BR,
BR,
BR,
BR,
BR,
BR,
BR,
BR,
BR,
BR,
BR,
BR,
BR,
BR,
BR,
BR,
BR,
BR,
BR,
BR,
BR,
BR,
BR,
BR,
BR,
BR,
BR,
BR,
BR,
BR,
BR,
BR,
BR,
BR,
BR,
BR,
BR,
BR,
BR,
BR,
BR,
BR,
BR,
BR,
BR,
BR,
BR,
BR,
BR,
BR,
BR,
BR,
BR,
BR,
BR,
BR,
BR,
BR,
BR,
BR,
BR,
BR,
BR,
BR,
BR,
BR,
BR,
BR,
BR,
BR,
BR,
BR,
BR,
BR,
BR,
BR,
BR,
BR,
BR,
BR,
BR,
BR,
BR,
BR,
BR,
BR,
BR,
BR,
BR,
BR,
BR,
BR,
BR,
BR,
BR,
BR,
BR,
BR,
BR,
BR,
BR,
BR,
BR,
BR,
BR,
BR,
BR,
BR,
BR,
BR,
BR,
BR,
BR,
BR,
BR,
BR,
BR,
BR,
BR,
BR,
BR,
BR,
BR,
BR,
BR,
BR,
BR,
BR,
BR,
BR,
BR,
BR,
BR,
BR,
BR,
BR,
BR,
BR,
BR,
BR,
BR,
BR,
BR,
BR,
BR,
BR,
BR,
BR,
BR,
BR,
BR,
BR,
BR,
BR,
BR,
BR,
BR,
BR,
BR,
BR,
BR,
BR,
BR,
BR,
BR,
BR,
BR,
BR,
BR,
BR,
BR,
BR,
BR,
BR,
BR,
BR,
BR,
BR,
BR,
BR,
BR,
BR,
BR,
BR,
BR,
BR,
BR,
BR,
BR,
BR,
BR,
BR,
BR,
BR,
BR,
BR,
BR,
BR,
BR,
BR,
BR,
BR,
BR,
BR,
BR,
BR,
BR,
BR,
BR,
BR,
BR,
BR,
BR,
BR,
BR,
BR,
BR,
BR,
BR,
BR,
BR,
BR,
BR,
BR,
BR,
BR,
BR,
BR,
BR,
BR,
BR,
BR,
BR,
BR,
BR,
BR,
BR,
BR,
BR,
BR,
BR,
BR,
BR,
BR,
BR,
BR,
BR,
BR,
BR,
BR,
BR,
BR,
BR,
BR,
BR,
BR,
BR,
BR,
BR,
BR,
BR,
BR,
BR,
BR,
BR,
BR,
BR,
BR,
BR,
BR,
BR,
BR,
BR,
BR,
BR,
BR,
BR,
BR,
BR,
BR,
BR,
BR,
BR,
BR,
BR,
BR,
BR,
BR,
BR,
BR,
BR,
BR,
BR,
BR,
BR,
BR,
BR,
BR,
BR,
BR,
BR,
BR,
BR,
BR,
BR,
BR,
BR,
BR,
BR,
BR,
BR,
BR,
BR,
BR,
BR,
BR,
BR,
BR,
BR,
BR,
BR,
BR,
BR,
BR,
BR,
BR,
BR,
BR,
BR,
BR,
BR,
BR,
BR,
BR,
BR,
BR,
BR,
BR,
BR,
BR,
BR,
BR,
BR,
BR,
BR,
BR,
BR,
BR,
BR,
BR,
BR,
BR,
BR,
BR,
BR,
BR,
BR,
BR,
BR,
BR,
BR,
BR,
BR,
BR,
BR,
BR,
BR,
BR,
BR,
BR,
BR,
BR,
BR,
BR,
UY,
UY,
UY,
UY,
UY,
UY,
UY,
UY,
UY,
UY,
UY,
UY,
UY,
UY,
UY,
UY,
UY,
VE,
VE,
VE,
VE,
VE,
VE,
VE,
VE,
VE,
VE,
VE,
VE,
VE,
VE,
VE,
VE,
VE,
VE,
VE,
VE,
VE,
VE,
VE,
VE,
VE,
VE,
VE,
VE,
VE,
VE,
VE,
VE,
VE,
VE,
VE,
VE,
VE,
VE,
VE,
VE,
VE,
VE,
VE,
VE,
VE,
VE,
VE,
VE,
VE,
VE,
VE,
VE,
VE,
VE,
VE,
VE,
VE,
VE,
VE,
VE,
VE,
VE,
VE,
VE,
VE,
VE,
VE,
VE,
VE,
VE,
VE,
VE,
VE,
VE,
VE,
VE,
VE,
VE,
VE,
VE,
VE,
VE,
VE,
VE,
VE,
VE,
VE,
VE,
VE,
VE,
VE,
VE,
VE,
VE,
VE,
VE,
VE,
VE,
VE,
VE,
VE,
VE,
VE,
VE,
VE,
VE,
VE,
VE,
VE,
VE,
VE,
VE,
VE,
VE,
VE,
VE,
VE,
VE,
VE,
VE,
VE,
VE,
VE,
VE,
VE,
VE,
VE,
VE,
VE,
VE,
VE,
VE,
VE,
VE,
VE,
VE,
VE,
VE,
VE,
VE,
VE,
VE,
VE,
VE,
VE,
VE,
VE,
VE,
VE,
VE,
VE,
VE,
VE,
VE,
VE,
VE,
VE,
VE,
VE,
VE,
VE,
VE,
VE,
VE,
VE,
VE,
VE,
VE,
VE,
VE,
VE,
VE,
VE,
VE,
VE,
VE,
VE,
VE,
VE,
VE,
VE,
VE,
VE,
VE,
VE,
VE,
VE,
VE,
VE,
VE,
VE,
VE,
VE,
VE,
VE,
VE,
VE,
VE,
VE,
VE,
VE,
VE,
VE,
VE,
VE,
VE,
VE,
VE,
VE,
VE,
VE,
VE,
VE,
VE,
VE,
VE,
VE,
VE,
VE,
VE,
VE,
VE,
VE,
VE,
VE,
VE,
VE,
VE,
VE,
VE,
VE,
VE,
VE,
VE,
VE,
VE,
VE,
VE,
VE,
VE,
VE,
VE,
VE,
VE,
VE,
VE,
VE,
VE,
VE,
VE,
VE,
VE,
VE,
VE,
VE,
VE,
VE,
VE,
VE,
VE,
VE,
VE,
VE,
VE,
VE,
VE,
VE,
VE,
VE,
VE,
VE,
VE,
VE,
VE,
VE,
VE,
VE,
VE,
VE,
VE,
VE,
VE,
VE,
VE,
VE,
VE,
VE,
VE,
VE,
VE,
VE,
VE,
VE,
VE,
VE,
VE,
VE,
VE,
VE,
VE,
VE,
VE,
VE,
VE,
VE,
VE,
VE,
VE,
VE,
VE,
VE,
VE,
VE,
VE,
VE,
VE,
VE,
VE,
VE,
VE,
VE,
VE,
VE,
VE,
VE,
VE,
VE,
VE,
VE,
VE,
VE,
VE,
VE,
VE,
VE,
VE,
VE,
VE,
VE,
VE,
VE,
VE,
VE,
VE,
VE,
VE,
VE,
VE,
VE,
VE,
VE,
VE,
VE,
VE,
VE,
VE,
VE,
VE,
VE,
VE,
VE,
VE,
VE,
VE,
VE,
VE,
VE,
VE,
VE,
VE,
VE,
VE,
VE,
VE,
VE,
VE,
VE,
VE,
VE,
VE,
BR,
BR,
BR,
BR,
BR,
BR,
BR,
BR,
BR,
BR,
BR,
BR,
BR,
BR,
BR,
BR,
BR,
BR,
BR,
BR,
BR,
BR,
BR,
BR,
BR,
BR,
BR,
BR,
BR,
BR,
BR,
BR,
BR,
BR,
BR,
BR,
BR,
BR,
BR,
BR,
BR,
BR,
BR,
BR,
BR,
BR,
BR,
BR,
BR,
BR,
BR,
BR,
BR,
BR,
BR,
BR,
BR,
BR,
BR,
BR,
BR,
BR,
BR,
BR,
BR,
BR,
BR,
BR,
BR,
BR,
BR,
BR,
BR,
BR,
BR,
BR,
BR,
BR,
BR,
BR,
BR,
BR,
BR,
BR,
BR,
BR,
BR,
BR,
BR,
BR,
BR,
BR,
BR,
BR,
BR,
BR,
BR,
BR,
BR,
BR,
BR,
BR,
BR,
BR,
BR,
BR,
BR,
BR,
BR,
BR,
BR,
BR,
BR,
BR,
BR,
BR,
BR,
BR,
BR,
BR,
BR,
BR,
BR,
BR,
BR,
BR,
BR,
BR,
BR,
BR,
BR,
BR,
BR,
BR,
BR,
BR,
BR,
BR,
BR,
BR,
BR,
BR,
BR,
BR,
BR,
BR,
BR,
BR,
BR,
BR,
BR,
BR,
BR,
BR,
BR,
BR,
BR,
BR,
BR,
BR,
BR,
BR,
BR,
BR,
BR,
BR,
BR,
BR,
BR,
BR,
BR,
BR,
BR,
BR,
BR,
BR,
BR,
BR,
BR,
BR,
BR,
BR,
BR,
BR,
BR,
BR,
BR,
BR,
BR,
BR,
BR,
BR,
BR,
BR,
BR,
BR,
BR,
BR,
BR,
BR,
BR,
BR,
BR,
BR,
BR,
BR,
BR,
BR,
BR,
BR,
BR,
BR,
BR,
BR,
BR,
BR,
BR,
BR,
BR,
BR,
BR,
BR,
BR,
BR,
BR,
BR,
BR,
BR,
BR,
BR,
BR,
BR,
BR,
BR,
BR,
BR,
BR,
BR,
BR,
BR,
BR,
BR,
BR,
BR,
BR,
BR,
BR,
BR,
BR,
BR,
BR,
BR,
BR,
BR,
BR,
BR,
BR,
BR,
BR,
BR,
BR,
BR,
BR,
BR,
BR,
BR,
BR,
BR,
BR,
BR,
BR,
BR,
BR,
BR,
BR,
BR,
BR,
BR,
BR,
BR,
BR,
BR,
BR,
BR,
BR,
BR,
BR,
BR,
BR,
BR,
BR,
BR,
BR,
BR,
BR,
BR,
BR,
BR,
BR,
BR,
BR,
BR,
BR,
BR,
BR,
BR,
BR,
BR,
BR,
BR,
BR,
BR,
BR,
BR,
BR,
BR,
BR,
BR,
BR,
BR,
BR,
BR,
BR,
BR,
BR,
BR,
BR,
BR,
BR,
BR,
BR,
BR,
BR,
BR,
BR,
BR,
BR,
BR,
BR,
BR,
AU,
BR,
BR,
BR,
BR,
BR,
BR,
BR,
BR,
BR,
BR,
BR,
BR,
BR,
BR,
BR,
BR,
BR,
BR,
BR,
BR,
BR,
BR,
BR,
BR,
BR,
BR,
BR,
BR,
BR,
BR,
BR,
BR,
BR,
BR,
BR,
BR,
BR,
BR,
BR,
BR,
BR,
BR,
BR,
BR,
BR,
BR,
BR,
BR,
BR,
BR,
BR,
BR,
BR,
BR,
BR,
BR,
BR,
BR,
BR,
BR,
BR,
BR,
BR,
BR,
BR,
BR,
BR,
BR,
BR,
BR,
BR,
BR,
BR,
BR,
BR,
BR,
BR,
BR,
BR,
BR,
BR,
BR,
BR,
BR,
BR,
BR,
BR,
BR,
BR,
BR,
BR,
BR,
BR,
BR,
BR,
BR,
BR,
BR,
BR,
BR,
BR,
BR,
BR,
BR,
BR,
BR,
BR,
BR,
BR,
BR,
BR,
BR,
BR,
BR,
BR,
BR,
BR,
BR,
BR,
BR,
BR,
BR,
BR,
BR,
BR,
BR,
BR,
BR,
BR,
BR,
BR,
BR,
BR,
BR,
BR,
BR,
BR,
BR,
BR,
BR,
BR,
BR,
BR,
BR,
BR,
BR,
BR,
BR,
BR,
BR,
BR,
BR,
BR,
BR,
BR,
BR,
BR,
BR,
BR,
BR,
BR,
BR,
BR,
BR,
BR,
BR,
BR,
BR,
BR,
BR,
GY,
GY,
GY,
GY,
GY,
GY,
GY,
GY,
GY,
GY,
GY,
GY,
GY,
GY,
GY,
GY,
GY,
GY,
GY,
GY,
GY,
GY,
GY,
GY,
GY,
GY,
GY,
GY,
GY,
GY,
GY,
US,TA00
US,TA01
US,TA02
US,TA05
US,TA07
US,TA12
US,TA13
US,TA17
US,TA18
US,TA19
US,TA20
US,TA21
US,TA23
US,TA24
US,TA25
US,TA26
US,TA27
US,TA28
US,TA31
US,TA34
US,TA35
US,TA37
US,TA42
US,TA44
US,TA46
US,TA47
US,TA49
US,TA50
US,TA51
US,TA52
US,TA54
US,TA55
US,TA56
US,TA57
US,TA58
US,TA60
US,TA61
US,TA62
US,TA64
US,TA65
US,TA66
US,TA67
US,TA68
US,TA70
US,TA76
US,TA78
US,TA81
US,TA82
US,TA85
US,TA87
US,TA93
US,TA97
AG,
AG,
AG,
BB,
AU,
DM,
DM,
US,TE01
US,TE04
US,TE05
US,TE06
US,TE09
US,TE10
US,TE13
US,TE15
US,TE16
US,TE17
US,TE21
US,TE24
US,TE25
US,TE26
US,TE27
US,TE29
US,TE32
US,TE33
US,TE34
US,TE37
US,TE38
US,TE39
US,TE44
US,TE45
US,TE48
US,TE50
US,TE51
US,TE52
US,TE57
US,TE58
US,TE62
US,TE67
US,TE68
US,TE70
US,TE72
US,TE73
US,TE74
US,TE75
US,TE76
US,TE78
US,TE81
US,TE83
US,TE84
US,TE85
US,TE86
US,TE87
US,TE88
US,TE89
US,TE90
US,TE91
US,TE96
US,TE97
US,TE99
GP,
GP,
GP,
MQ,
MF,
BL,
GP,
GP,
GP,
GD,
GD,
US,STT
US,STX
US,ABO
US,BQN
US,CPX
US,SIG
US,MAZ
US,PSE
US,RVR
US,SJU
US,VQS
KN,
KN,
LC,
LC,
US,TN01
US,TN02
US,TN07
US,TN08
US,TN11
US,TN12
US,TN13
US,TN14
US,TN16
US,TN17
US,TN18
US,TN20
US,TN21
US,TN23
US,TN26
US,TN27
US,TN30
US,TN36
US,TN37
US,TN39
US,TN41
US,TN43
US,TN44
US,TN45
US,TN49
US,TN50
US,TN51
US,TN52
US,TN53
US,TN54
US,TN56
US,TN58
US,TN64
US,TN65
US,TN66
US,TN67
US,TN68
US,TN70
US,TN71
US,TN74
US,TN75
US,TN77
US,TN79
US,TN80
US,TN83
US,TN85
US,TN87
US,TN89
US,TN94
US,TN96
US,TN97
US,TN98
US,TN99
AW,
BQ,
CW,
BQ,
SX,
BQ,
AI,
MS,
US,TS00
US,TS04
US,TS05
US,TS07
US,TS08
US,TS11
US,TS13
US,TS14
US,TS15
US,TS18
US,TS20
US,TS21
US,TS22
US,TS25
US,TS27
US,TS35
US,TS36
US,TS40
US,TS41
US,TS44
US,TS46
US,TS47
US,TS55
US,TS57
US,TS61
US,TS63
US,TS65
US,TS69
US,TS71
US,TS73
US,TS74
US,TS75
US,TS76
US,TS79
US,TS80
US,TS81
US,TS84
US,TS85
US,TS89
US,TS90
US,TS94
US,TS95
US,TS96
US,TS99
US,TT00
MP,TT01
FM,TT02
US,TT05
US,TT10
US,TT12
US,TT16
US,TT19
US,TT20
US,TT21
US,TT31
US,TT32
US,TT37
US,TT40
US,TT41
US,TT44
US,TT45
US,TT46
US,TT48
US,TT50
US,TT65
US,TT66
US,TT75
US,TT87
US,TT91
US,TT97
US,TT98
US,TT99
TT,
TT,
VG,
VG,
VG,
VC,
VC,
VC,
VC,
VC,
US,TX00
US,TX04
US,TX05
US,TX07
US,TX11
US,TX12
US,TX13
US,TX15
US,TX16
US,TX19
US,TX21
US,TX22
US,TX25
US,TX28
US,TX29
US,TX31
US,TX34
US,TX35
US,TX36
US,TX38
US,TX40
US,TX41
US,TX42
US,TX43
US,TX45
US,TX46
US,TX47
US,TX48
US,TX49
US,TX51
US,TX52
US,TX56
US,TX61
US,TX62
US,TX64
US,TX66
US,TX67
US,TX70
US,TX71
US,TX74
US,TX75
US,TX78
US,TX79
US,TX81
US,TX82
US,TX88
US,TX90
US,TX91
US,TX92
US,TX93
US,TX94
US,TX96
US,TX99
BM,
KZ,
KZ,
UZ,
KZ,
KZ,
KZ,
KZ,
KZ,
KZ,
KZ,
KZ,
KZ,
KG,
KG,
KG,
KG,
KG,
KG,
KG,
KG,
KG,
KG,
KG,
KG,
KG,
KZ,
KZ,
KZ,
KZ,
KZ,
KZ,
KZ,
KZ,
KZ,
KZ,
KZ,
KZ,
KZ,
KZ,
KZ,
KZ,
KZ,
KZ,
KZ,
KZ,
KZ,
KZ,
KZ,
AZ,
AZ,
AZ,
AZ,
AZ,
AZ,
AZ,
AZ,
AZ,
AZ,
KG,
KG,
KG,
KG,
AM,
AM,
AM,
AM,
AM,
RU,
RU,
RU,
RU,
RU,
RU,
RU,
RU,
RU,
RU,
RU,
RU,
RU,
RU,
RU,
RU,
RU,
RU,
RU,
RU,
RU,
RU,
RU,
RU,
RU,
RU,
RU,
RU,
RU,
RU,
RU,
RU,
RU,
GE,
AM,
GE,
GE,
GE,
GE,
GE,
GE,
RU,
RU,
RU,
RU,
RU,
RU,
RU,
RU,
RU,
RU,
RU,
RU,
RU,
RU,
RU,
RU,
RU,
RU,
RU,
RU,
RU,
RU,
RU,
RU,
RU,
RU,
RU,
RU,
RU,
RU,
RU,
RU,
RU,
RU,
RU,
RU,
RU,
RU,
RU,
RU,
RU,
RU,
RU,
RU,
RU,
RU,
RU,
RU,
RU,
RU,
RU,
RU,
RU,
RU,
RU,
RU,
RU,
RU,
RU,
RU,
RU,
RU,
RU,
RU,
RU,
RU,
RU,
RU,
RU,
RU,
RU,
RU,
RU,
RU,
RU,
RU,
RU,
RU,
UA,
UA,
UA,
UA,
UA,
UA,
UA,
UA,
UA,
UA,
UA,
UA,
UA,
UA,
UA,
UA,
UA,
UA,
UA,
UA,
UA,
UA,
UA,
UA,
UA,
UA,
UA,
UA,
UA,
UA,
UA,
UA,
UA,
UA,
UA,
UA,
UA,
UA,
UA,
UA,
UA,
UA,
UA,
UA,
RU,
RU,
RU,
RU,
RU,
RU,
RU,
RU,
RU,
RU,
RU,
RU,
RU,
RU,
RU,
RU,
RU,
RU,
RU,
RU,
RU,
RU,
RU,
RU,
RU,
RU,
RU,
RU,
RU,
RU,
RU,
RU,
RU,
RU,
RU,
RU,
RU,
RU,
RU,
RU,
RU,
RU,
RU,
RU,
RU,
RU,
RU,
RU,
RU,
RU,
RU,
RU,
RU,
RU,
RU,
RU,
RU,
RU,
RU,
RU,
RU,
RU,
RU,
RU,
RU,
BY,
BY,
BY,
BY,
RU,
BY,
BY,
BY,
BY,
BY,
BY,
BY,
BY,
BY,
BY,
BY,
RU,
RU,
RU,
RU,
RU,
RU,
RU,
RU,
RU,
RU,
RU,
RU,
RU,
RU,
RU,
RU,
RU,
RU,
RU,
RU,
RU,
RU,
RU,
RU,
RU,
RU,
RU,
RU,
RU,
RU,
RU,
RU,
RU,
RU,
RU,
RU,
RU,
RU,
RU,
RU,
RU,
RU,
RU,
RU,
RU,
RU,
RU,
RU,
RU,
UA,
RU,
RU,
RU,
RU,
RU,
RU,
RU,
RU,
RU,
RU,
RU,
RU,
RU,
RU,
RU,
RU,
RU,
RU,
RU,
RU,
RU,
RU,
RU,
RU,
RU,
RU,
RU,
RU,
RU,
RU,
RU,
RU,
RU,
RU,
RU,
RU,
RU,
RU,
RU,
RU,
RU,
RU,
RU,
RU,
RU,
RU,
RU,
RU,
RU,
RU,
RU,
RU,
RU,
RU,
RU,
RU,
RU,
RU,
RU,
RU,
RU,
RU,
RU,
RU,
RU,
RU,
RU,
RU,
RU,
RU,
RU,
RU,
US,UT00
US,UT01
US,UT03
US,UT10
US,UT15
US,UT24
US,UT25
US,UT27
US,UT28
US,UT29
US,UT30
US,UT42
US,UT43
US,UT47
US,UT53
US,UT54
US,UT65
US,UT68
US,UT74
US,UT75
US,UT79
US,UT82
US,UT83
US,UT89
US,UT90
US,UT91
US,UT94
US,UT97
TM,
TM,
TM,
TM,
TM,
TM,
TM,
TJ,
TJ,
TJ,
TJ,
TJ,
RU,
RU,
RU,
RU,
RU,
RU,
RU,
RU,
RU,
RU,
RU,
RU,
RU,
RU,
RU,
RU,
RU,
RU,
RU,
RU,
RU,
RU,
RU,
RU,
RU,
RU,
RU,
RU,
RU,
RU,
RU,
RU,
RU,
RU,
RU,
RU,
RU,
RU,
RU,
RU,
RU,
RU,
RU,
RU,
RU,
RU,
RU,
RU,
RU,
RU,
RU,
RU,
RU,
RU,
RU,
RU,
RU,
RU,
RU,
RU,
RU,
RU,
RU,
RU,
RU,
RU,
RU,
RU,
RU,
RU,
RU,
RU,
RU,
RU,
RU,
RU,
RU,
RU,
RU,
RU,
UZ,
UZ,
UZ,
UZ,
UZ,
UZ,
UZ,
UZ,
UZ,
UZ,
UZ,
UZ,
UZ,
UZ,
UZ,
UZ,
UZ,
UZ,
UZ,
UZ,
UZ,
UZ,
UZ,
UZ,
UZ,
UZ,
UZ,
UZ,
US,VA02
US,VA04
US,VA06
US,VA07
US,VA08
US,VA10
US,VA11
US,VA12
US,VA13
US,VA17
US,VA19
IN,
IN,
IN,
IN,
IN,
IN,
IN,
IN,
IN,
IN,
IN,
IN,
IN,
IN,
US,VA20
US,VA23
US,VA24
US,VA25
US,VA27
US,VA28
IN,
IN,
IN,
IN,
US,VA30
US,VA32
IN,
US,VA41
US,VA42
US,VA46
IN,
US,VA49
US,VA50
IN,
US,VA52
IN,
US,VA56
US,VA57
US,VA58
US,VA59
US,VA61
US,VA62
US,VA63
US,VA65
US,VA66
US,VA68
US,VA72
US,VA73
IN,
US,VA79
US,VA81
US,VA83
US,VA85
US,VA89
US,VA92
US,VA93
US,VA94
US,VA96
US,VA98
US,VA99
IN,
IN,
IN,
IN,
IN,
IN,
IN,
IN,
IN,
IN,
IN,
IN,
IN,
IN,
IN,
IN,
IN,
IN,
IN,
IN,
IN,
IN,
IN,
IN,
IN,
IN,
IN,
IN,
IN,
IN,
IN,
IN,
IN,
IN,
IN,
IN,
LK,
LK,
LK,
LK,
LK,
LK,
LK,
LK,
LK,
LK,
LK,
LK,
LK,
LK,
KH,
KH,
KH,
KH,
KH,
KH,
KH,
KH,
KH,
KH,
KH,
IN,
IN,
IN,
IN,
IN,
IN,
IN,
IN,
IN,
IN,
IN,
IN,
IN,
IN,
IN,
IN,
IN,
IN,
IN,
IN,
IN,
IN,
IN,
IN,
IN,
IN,
IN,
IN,
IN,
IN,
IN,
IN,
IN,
IN,
IN,
IN,
IN,
IN,
IN,
IN,
IN,
IN,
IN,
IN,
IN,
IN,
IN,
IN,
IN,
IN,
IN,
IN,
IN,
IN,
IN,
IN,
IN,
IN,
IN,
IN,
IN,
IN,
IN,
IN,
IN,
IN,
IN,
IN,
IN,
US,VG01
US,VG05
US,VG06
US,VG07
US,VG09
US,VG12
US,VG16
US,VG18
US,VG20
US,VG22
US,VG24
US,VG25
US,VG29
US,VG30
US,VG33
US,VG34
US,VG37
US,VG39
US,VG40
US,VG42
US,VG43
US,VG52
US,VG53
US,VG54
US,VG55
US,VG56
US,VG57
US,VG58
US,VG64
BD,
BD,
BD,
BD,
BD,
BD,
BD,
BD,
BD,
BD,
BD,
BD,
HK,
HK,
IN,
IN,
IN,
IN,
IN,
IN,
IN,
IN,
IN,
IN,
IN,
IN,
IN,
IN,
IN,
IN,
IN,
IN,
IN,
IN,
IN,
IN,
IN,
IN,
IN,
IN,
IN,
IN,
IN,
IN,
IN,
IN,
IN,
IN,
IN,
IN,
IN,
IN,
IN,
IN,
IN,
IN,
IN,
IN,
IN,
IN,
IN,
IN,
IN,
IN,
IN,
IN,
IN,
IN,
IN,
IN,
IN,
IN,
IN,
IN,
IN,
IN,
IN,
IN,
LA,
LA,
LA,
LA,
LA,
LA,
LA,
LA,
LA,
LA,
LA,
LA,
LA,
LA,
LA,
MO,
NP,
NP,
NP,
NP,
NP,
NP,
NP,
NP,
NP,
NP,
NP,
NP,
NP,
NP,
NP,
NP,
NP,
NP,
NP,
NP,
NP,
NP,
NP,
NP,
NP,
NP,
NP,
NP,
NP,
NP,
NP,
NP,
NP,
NP,
NP,
NP,
NP,
NP,
NP,
NP,
NP,
NP,
NP,
NP,
NP,
IN,
IN,
IN,
IN,
IN,
IN,
IN,
IN,
IN,
IN,
IN,
IN,
IN,
IN,
IN,
IN,
IN,
IN,
IN,
IN,
IN,
IN,
IN,
IN,
IN,
IN,
IN,
IN,
IN,
IN,
IN,
IN,
IN,
IN,
IN,
IN,
IN,
IN,
IN,
IN,
IN,
IN,
IN,
IN,
IN,
IN,
IN,
IN,
IN,
IN,
IN,
BT,
BT,
BT,
MV,
MV,
MV,
MV,
MV,
MV,
MV,
MV,
MV,
MV,
MV,
MV,
MV,
MV,
MV,
MV,
MV,
MV,
MV,
MV,
US,VT01
US,VT03
US,VT06
US,VT09
US,VT10
US,VT11
US,VT12
US,VT13
US,VT15
US,VT17
US,VT22
US,VT23
US,VT25
US,VT30
US,VT31
US,VT34
US,VT38
US,VT42
US,VT43
US,VT44
US,VT45
US,VT46
US,VT47
US,VT52
US,VT53
US,VT55
US,VT56
US,VT59
US,VT60
US,VT62
US,VT73
TH,
TH,
TH,
TH,
TH,
TH,
TH,
TH,
TH,
TH,
TH,
TH,
TH,
TH,
TH,
TH,
TH,
TH,
TH,
TH,
TH,
TH,
TH,
TH,
TH,
TH,
TH,
TH,
TH,
TH,
TH,
TH,
TH,
TH,
TH,
TH,
TH,
TH,
TH,
TH,
TH,
TH,
TH,
TH,
TH,
TH,
TH,
TH,
TH,
TH,
TH,
TH,
TH,
TH,
TH,
TH,
TH,
TH,
TH,
TH,
TH,
TH,
VN,
VN,
VN,
VN,
VN,
VN,
VN,
VN,
VN,
VN,
VN,
VN,
VN,
VN,
VN,
VN,
VN,
VN,
VN,
VN,
VN,
VN,
VN,
VN,
VN,
VN,
VN,
VN,
VN,
VN,
MM,
MM,
MM,
MM,
MM,
MM,
MM,
MM,
MM,
MM,
MM,
MM,
MM,
MM,
MM,
MM,
MM,
MM,
MM,
MM,
MM,
MM,
MM,
MM,
MM,
MM,
MM,
MM,
MM,
MM,
MM,
MM,
MM,
MM,
MM,
MM,
MM,
MM,
MM,
MM,
MM,
MM,
MM,
MM,
MM,
MM,
MM,
MM,
MM,
MM,
MM,
MM,
MM,
MM,
MM,
MM,
MM,
MM,
MM,
MM,
MM,
MM,
MM,
MM,
MM,
MM,
MM,
MM,
MM,
MM,
US,WA00
US,WA01
US,WA04
US,WA07
US,WA08
US,WA09
US,WA10
US,WA12
US,WA14
US,WA16
US,WA18
ID,
US,WA21
US,WA22
US,WA23
US,WA24
US,WA25
US,WA29
US,WA30
US,WA35
US,WA39
US,WA42
ID,
US,WA45
US,WA46
US,WA49
US,WA52
US,WA57
US,WA59
US,WA61
US,WA62
US,WA63
US,WA66
US,WA67
US,WA68
US,WA72
US,WA73
US,WA74
US,WA76
US,WA77
US,WA78
US,WA79
US,WA80
US,WA81
US,WA84
US,WA87
US,WA88
US,WA90
US,WA93
US,WA96
US,WA97
ID,
ID,
ID,
ID,
ID,
ID,
ID,
ID,
ID,
ID,
ID,
ID,
ID,
ID,
ID,
ID,
ID,
ID,
ID,
ID,
ID,
ID,
ID,
ID,
ID,
ID,
ID,
ID,
ID,
ID,
ID,
ID,
ID,
ID,
ID,
ID,
ID,
ID,
ID,
ID,
ID,
ID,
ID,
ID,
ID,
ID,
ID,
ID,
ID,
ID,
ID,
ID,
ID,
ID,
ID,
ID,
ID,
ID,
ID,
ID,
ID,
ID,
ID,
ID,
ID,
ID,
ID,
ID,
ID,
ID,
ID,
ID,
ID,
ID,
ID,
ID,
ID,
ID,
ID,
ID,
ID,
ID,
ID,
ID,
ID,
ID,
ID,
ID,
ID,
ID,
ID,
ID,
ID,
ID,
ID,
ID,
ID,
ID,
ID,
ID,
ID,
ID,
ID,
ID,
ID,
ID,
ID,
ID,
ID,
ID,
ID,
ID,
ID,
ID,
ID,
ID,
ID,
ID,
ID,
ID,
ID,
ID,
ID,
ID,
ID,
ID,
ID,
ID,
ID,
ID,
ID,
ID,
ID,
ID,
ID,
ID,
ID,
BN,
MY,
MY,
MY,
MY,
MY,
MY,
MY,
MY,
MY,
MY,
MY,
MY,
MY,
MY,
MY,
MY,
MY,
MY,
MY,
MY,
MY,
MY,
MY,
MY,
MY,
MY,
MY,
MY,
MY,
MY,
MY,
MY,
MY,
MY,
MY,
MY,
MY,
MY,
MY,
MY,
MY,
BN,
US,WI00
US,WI03
US,WI05
US,WI07
US,WI09
US,WI10
US,WI11
US,WI12
US,WI13
US,WI14
US,WI16
US,WI18
US,WI19
ID,
ID,
ID,
ID,
ID,
US,WI21
US,WI22
US,WI24
US,WI25
US,WI27
US,WI28
US,WI29
US,WI31
US,WI32
US,WI33
US,WI36
US,WI37
US,WI40
US,WI42
US,WI43
US,WI46
US,WI47
US,WI49
US,WI50
US,WI51
US,WI53
US,WI54
US,WI55
US,WI56
US,WI58
US,WI60
US,WI61
US,WI62
US,WI65
US,WI66
US,WI67
US,WI69
US,WI70
US,WI72
US,WI73
US,WI74
US,WI76
US,WI77
US,WI78
US,WI79
US,WI80
US,WI81
US,WI84
US,WI86
US,WI87
US,WI89
US,WI90
US,WI91
US,WI92
US,WI95
US,WI97
US,WI99
ID,
ID,
ID,
ID,
ID,
ID,
ID,
ID,
ID,
ID,
ID,
ID,
ID,
ID,
ID,
ID,
ID,
ID,
ID,
ID,
ID,
ID,
ID,
ID,
ID,
ID,
ID,
ID,
ID,
ID,
ID,
ID,
ID,
ID,
ID,
ID,
ID,
ID,
ID,
ID,
ID,
ID,
ID,
ID,
ID,
ID,
ID,
ID,
ID,
ID,
ID,
ID,
ID,
ID,
ID,
ID,
ID,
ID,
ID,
ID,
ID,
ID,
ID,
ID,
ID,
ID,
ID,
ID,
ID,
ID,
ID,
ID,
ID,
MY,
MY,
MY,
MY,
MY,
MY,
MY,
MY,
MY,
MY,
MY,
MY,
MY,
MY,
MY,
MY,
MY,
MY,
MY,
MY,
MY,
MY,
MY,
MY,
MY,
MY,
MY,
MY,
MY,
MY,
MY,
MY,
MY,
MY,
MY,
MY,
MY,
MY,
MY,
MY,
US,WN00
US,WN03
US,WN04
US,WN05
US,WN07
US,WN08
US,WN09
US,WN10
US,WN11
US,WN13
US,WN15
US,WN17
US,WN18
US,WN20
US,WN21
US,WN23
US,WN26
US,WN29
US,WN31
US,WN35
US,WN39
US,WN41
US,WN42
US,WN44
US,WN45
US,WN46
US,WN47
US,WN48
US,WN49
US,WN51
US,WN53
US,WN54
US,WN55
US,WN59
US,WN63
US,WN64
US,WN65
US,WN72
US,WN74
US,WN75
US,WN76
US,WN85
US,WN86
US,WN87
US,WN88
US,WN90
US,WN92
US,WN98
US,WN99
TL,
TL,
TL,
TL,
TL,
TL,
TL,
TL,
ID,
ID,
ID,
ID,
ID,
ID,
ID,
ID,
ID,
ID,
ID,
ID,
ID,
ID,
ID,
ID,
ID,
ID,
ID,
ID,
US,WS02
US,WS06
US,WS12
US,WS13
US,WS14
US,WS15
US,WS16
US,WS17
US,WS19
US,WS20
US,WS23
US,WS25
US,WS28
US,WS29
US,WS33
US,WS36
US,WS39
US,WS41
US,WS43
US,WS45
US,WS46
US,WS49
US,WS51
US,WS55
US,WS62
US,WS67
US,WS69
US,WS71
US,WS74
US,WS76
US,WS77
US,WS78
US,WS81
US,WS87
US,WS91
US,WS96
SG,
SG,
SG,
SG,
SG,
SG,
US,WT01
US,WT04
US,WT15
US,WT21
US,WT24
US,WT37
US,WT44
US,WT77
US,WT88
US,WV00
US,WV01
US,WV06
US,WV08
US,WV09
US,WV12
US,WV15
US,WV17
US,WV19
US,WV21
US,WV22
US,WV28
US,WV29
US,WV30
US,WV32
US,WV52
US,WV53
US,WV57
US,WV59
US,WV62
US,WV63
US,WV65
US,WV66
US,WV67
US,WV68
US,WV70
US,WV77
US,WY00
US,WY01
US,WY02
US,WY05
US,WY06
US,WY07
US,WY08
US,WY09
US,WY11
US,WY12
US,WY13
US,WY14
US,WY15
US,WY16
US,WY17
US,WY18
US,WY19
US,WY22
US,WY23
US,WY25
US,WY27
US,WY29
US,WY30
US,WY31
US,WY32
US,WY33
US,WY34
US,WY38
US,WY44
US,WY46
US,WY53
US,WY55
US,WY60
US,WY61
US,WY64
US,WY65
US,WY66
US,XA02
US,XA03
US,XA04
US,XA05
US,XA07
US,XA08
US,XA09
US,XA12
US,XA15
US,XA16
US,XA17
US,XA23
US,XA31
US,XA32
US,XA33
US,XA34
US,XA41
US,XA42
US,XA43
US,XA44
US,XA45
US,XA46
US,XA47
US,XA48
US,XA49
US,XA51
US,XA52
US,XA66
US,XA71
US,XA72
US,XA75
US,XA77
US,XA78
US,XA85
US,XA86
US,XA88
US,XA89
US,XA91
US,XA93
US,XA95
US,XA96
US,XA98
US,XA99
GB,
RU,
RU,
RU,
RU,
RU,
RU,
RU,
RU,
RU,
RU,
RU,
RU,
RU,
US,XS00
US,XS01
US,XS02
US,XS03
US,XS05
US,XS06
US,XS07
US,XS09
US,XS12
US,XS14
US,XS18
US,XS20
US,XS21
US,XS22
US,XS23
US,XS24
US,XS25
US,XS27
US,XS28
US,XS30
US,XS31
US,XS33
US,XS36
US,XS39
US,XS40
US,XS42
US,XS43
US,XS44
US,XS46
US,XS47
US,XS48
US,XS53
US,XS55
US,XS56
US,XS57
US,XS58
US,XS59
US,XS60
US,XS62
US,XS64
US,XS66
US,XS67
US,XS68
US,XS69
US,XS70
US,XS71
US,XS72
US,XS75
US,XS76
US,XS77
US,XS78
US,XS79
US,XS80
US,XS86
US,XS88
US,XS90
US,XS91
US,XS93
US,XS94
US,XS95
US,XS99
RU,
RU,
RU,
RU,
AU,
AU,
AU,
AU,
AU,
AU,
AU,
AU,
AU,
AU,
AU,
AU,
AU,
AU,
AU,
AU,
AU,
AU,
AU,
AU,
AU,
AU,
AU,
AU,
AU,
AU,
AU,
AU,
AU,
AU,
AU,
AU,
AU,
AU,
AU,
AU,
AU,
AU,
AU,
AU,
AU,
AU,
AU,
AU,
AU,
AU,
AU,
AU,
AU,
AU,
AU,
AU,
AU,
AU,
AU,
AU,
AU,
AU,
AU,
AU,
AU,
AU,
AU,
AU,
AU,
AU,
AU,
AU,
AU,
AU,
AU,
AU,
AU,
AU,
AU,
AU,
AU,
AU,
AU,
AU,
AU,
AU,
AU,
AU,
AU,
AU,
AU,
AU,
AU,
AU,
AU,
AU,
AU,
AU,
AU,
AU,
AU,
AU,
AU,
AU,
AU,
AU,
AU,
AU,
AU,
AU,
AU,
AU,
AU,
AU,
AU,
AU,
AU,
AU,
AU,
AU,
AU,
AU,
AU,
AU,
AU,
AU,
AU,
AU,
AU,
AU,
AU,
AU,
AU,
AU,
AU,
AU,
AU,
AU,
AU,
AU,
AU,
AU,
AU,
AU,
AU,
AU,
AU,
AU,
AU,
AU,
AU,
AU,
AU,
AU,
AU,
AU,
AU,
AU,
AU,
AU,
AU,
AU,
AU,
AU,
AU,
AU,
AU,
AU,
AU,
AU,
AU,
AU,
AU,
AU,
AU,
AU,
AU,
AU,
AU,
AU,
AU,
AU,
AU,
AU,
AU,
AU,
AU,
AU,
AU,
AU,
AU,
AU,
AU,
AU,
AU,
AU,
AU,
AU,
AU,
AU,
AU,
AU,
AU,
AU,
AU,
AU,
AU,
AU,
AU,
AU,
AU,
AU,
AU,
AU,
AU,
AU,
AU,
AU,
AU,
AU,
AU,
AU,
AU,
AU,
AU,
AU,
AU,
AU,
AU,
AU,
AU,
AU,
AU,
AU,
AU,
AU,
AU,
AU,
AU,
AU,
AU,
AU,
AU,
AU,
AU,
AU,
AU,
AU,
AU,
AU,
AU,
AU,
AU,
AU,
AU,
AU,
AU,
AU,
AU,
AU,
AU,
AU,
AU,
AU,
AU,
AU,
AU,
AU,
AU,
AU,
AU,
AU,
AU,
AU,
AU,
AU,
AU,
AU,
AU,
AU,
AU,
AU,
AU,
AU,
AU,
AU,
AU,
AU,
AU,
AU,
AU,
AU,
AU,
AU,
AU,
AU,
AU,
AU,
AU,
AU,
AU,
AU,
AU,
AU,
AU,
AU,
AU,
AU,
AU,
AU,
AU,
AU,
AU,
AU,
AU,
AU,
AU,
AU,
AU,
AU,
AU,
AU,
AU,
AU,
AU,
AU,
AU,
AU,
AU,
AU,
AU,
AU,
AU,
AU,
AU,
AU,
AU,
AU,
AU,
AU,
AU,
AU,
AU,
AU,
AU,
AU,
AU,
AU,
AU,
AU,
AU,
AU,
AU,
AU,
AU,
AU,
AU,
AU,
AU,
AU,
AU,
AU,
AU,
AU,
AU,
AU,
AU,
AU,
AU,
AU,
AU,
AU,
AU,
AU,
AU,
AU,
AU,
AU,
AU,
AU,
AU,
AU,
AU,
AU,
AU,
AU,
AU,
AU,
AU,
AU,
AU,
AU,
AU,
AU,
AU,
AU,
AU,
AU,
AU,
AU,
AU,
AU,
AU,
AU,
AU,
AU,
AU,
AU,
AU,
AU,
AU,
AU,
AU,
AU,
AU,
AU,
AU,
AU,
AU,
AU,
AU,
AU,
AU,
AU,
AU,
AU,
AU,
AU,
AU,
AU,
AU,
AU,
AU,
AU,
AU,
AU,
AU,
AU,
AU,
AU,
AU,
AU,
AU,
AU,
AU,
AU,
AU,
AU,
AU,
AU,
AU,
AU,
AU,
AU,
AU,
AU,
AU,
AU,
AU,
AU,
AU,
AU,
AU,
AU,
AU,
AU,
AU,
AU,
AU,
AU,
AU,
AU,
AU,
AU,
AU,
AU,
AU,
AU,
AU,
AU,
AU,
AU,
AU,
AU,
AU,
AU,
AU,
AU,
AU,
AU,
AU,
AU,
AU,
AU,
AU,
AU,
AU,
AU,
AU,
AU,
AU,
AU,
AU,
AU,
AU,
AU,
AU,
AU,
AU,
AU,
AU,
AU,
AU,
AU,
AU,
AU,
AU,
AU,
AU,
AU,
AU,
AU,
AU,
AU,
AU,
AU,
AU,
AU,
AU,
AU,
AU,
AU,
AU,
AU,
AU,
AU,
AU,
AU,
AU,
AU,
AU,
AU,
AU,
AU,
AU,
AU,
AU,
AU,
AU,
AU,
AU,
AU,
AU,
AU,
AU,
AU,
AU,
AU,
AU,
AU,
AU,
AU,
AU,
AU,
AU,
AU,
AU,
AU,
AU,
AU,
AU,
AU,
AU,
AU,
AU,
AU,
AU,
AU,
AU,
AU,
AU,
AU,
AU,
AU,
AU,
AU,
AU,
AU,
AU,
AU,
AU,
AU,
AU,
AU,
AU,
AU,
AU,
AU,
AU,
AU,
AU,
AU,
AU,
AU,
AU,
AU,
AU,
AU,
AU,
AU,
AU,
AU,
AU,
AU,
AU,
AU,
AU,
AU,
AU,
AU,
AU,
AU,
AU,
AU,
AU,
AU,
AU,
AU,
AU,
AU,
AU,
AU,
AU,
AU,
AU,
AU,
AU,
AU,
AU,
AU,
AU,
AU,
AU,
AU,
AU,
AU,
AU,
AU,
AU,
AU,
AU,
AU,
AU,
AU,
AU,
AU,
AU,
AU,
AU,
AU,
AU,
AU,
AU,
AU,
AU,
AU,
AU,
AU,
AU,
AU,
AU,
AU,
AU,
AU,
AU,
AU,
AU,
AU,
AU,
AU,
AU,
AU,
AU,
AU,
AU,
AU,
AU,
AU,
AU,
AU,
AU,
AU,
AU,
AU,
AU,
AU,
AU,
AU,
AU,
AU,
AU,
AU,
AU,
AU,
AU,
AU,
AU,
AU,
AU,
AU,
AU,
AU,
AU,
AU,
AU,
AU,
AU,
AU,
AU,
AU,
AU,
AU,
AU,
AU,
AU,
AU,
AU,
AU,
AU,
AU,
AU,
AU,
AU,
AU,
AU,
AU,
AU,
AU,
AU,
AU,
AU,
AU,
AU,
AU,
AU,
AU,
AU,
AU,
AU,
AU,
AU,
AU,
AU,
AU,
AU,
AU,
AU,
AU,
AU,
AU,
AU,
AU,
AU,
AU,
AU,
AU,
AU,
AU,
AU,
AU,
AU,
AU,
AU,
AU,
AU,
AU,
AU,
AU,
AU,
AU,
AU,
AU,
AU,
AU,
AU,
AU,
AU,
AU,
AU,
AU,
AU,
AU,
AU,
AU,
AU,
AU,
AU,
AU,
AU,
AU,
AU,
AU,
AU,
AU,
AU,
AU,
AU,
AU,
AU,
AU,
AU,
AU,
AU,
AU,
AU,
AU,
AU,
AU,
AU,
AU,
AU,
AU,
AU,
AU,
AU,
AU,
AU,
AU,
AU,
AU,
AU,
AU,
AU,
AU,
AU,
AU,
AU,
AU,
AU,
AU,
AU,
AU,
AU,
AU,
AU,
AU,
AU,
AU,
AU,
AU,
AU,
AU,
AU,
AU,
AU,
AU,
AU,
AU,
AU,
AU,
AU,
AU,
AU,
AU,
AU,
AU,
AU,
AU,
AU,
AU,
AU,
AU,
AU,
AU,
AU,
AU,
AU,
AU,
AU,
AU,
AU,
AU,
AU,
AU,
AU,
AU,
AU,
AU,
AU,
AU,
AU,
AU,
AU,
AU,
AU,
AU,
AU,
AU,
AU,
AU,
AU,
AU,
AU,
AU,
AU,
AU,
AU,
AU,
AU,
AU,
AU,
AU,
AU,
AU,
AU,
AU,
AU,
AU,
AU,
AU,
AU,
AU,
AU,
AU,
AU,
AU,
AU,
AU,
AU,
AU,
AU,
AU,
AU,
AU,
AU,
AU,
AU,
AU,
AU,
AU,
AU,
AU,
AU,
AU,
AU,
AU,
AU,
AU,
AU,
AU,
AU,
AU,
AU,
AU,
AU,
AU,
AU,
AU,
AU,
AU,
AU,
AU,
AU,
AU,
AU,
AU,
AU,
AU,
AU,
AU,
AU,
AU,
AU,
AU,
AU,
AU,
AU,
AU,
AU,
AU,
AU,
AU,
AU,
AU,
AU,
AU,
AU,
AU,
AU,
AU,
AU,
AU,
AU,
AU,
AU,
AU,
AU,
AU,
AU,
AU,
AU,
AU,
AU,
AU,
AU,
AU,
AU,
AU,
AU,
AU,
AU,
AU,
AU,
AU,
AU,
AU,
AU,
AU,
AU,
AU,
AU,
AU,
AU,
AU,
AU,
AU,
AU,
AU,
AU,
AU,
AU,
AU,
AU,
AU,
AU,
AU,
AU,
AU,
AU,
AU,
AU,
AU,
AU,
AU,
AU,
AU,
AU,
AU,
AU,
AU,
AU,
AU,
AU,
AU,
AU,
AU,
AU,
AU,
AU,
AU,
AU,
AU,
AU,
AU,
AU,
AU,
AU,
AU,
AU,
AU,
AU,
AU,
AU,
AU,
AU,
AU,
AU,
AU,
AU,
AU,
AU,
AU,
AU,
AU,
AU,
AU,
AU,
AU,
AU,
AU,
AU,
AU,
AU,
AU,
AU,
AU,
AU,
AU,
AU,
AU,
AU,
AU,
AU,
AU,
AU,
AU,
AU,
AU,
AU,
AU,
AU,
AU,
AU,
AU,
AU,
AU,
AU,
AU,
AU,
AU,
AU,
AU,
AU,
AU,
AU,
AU,
AU,
AU,
AU,
AU,
AU,
AU,
AU,
AU,
AU,
AU,
AU,
AU,
AU,
AU,
AU,
AU,
AU,
AU,
AU,
CC,
AU,
AU,
AU,
AU,
AU,
AU,
AU,
AU,
AU,
AU,
AU,
AU,
AU,
AU,
AU,
AU,
AU,
AU,
AU,
AU,
AU,
AU,
AU,
AU,
AU,
AU,
AU,
AU,
AU,
AU,
AU,
AU,
AU,
AU,
AU,
AU,
AU,
AU,
AU,
AU,
AU,
AU,
AU,
AU,
AU,
AU,
AU,
AU,
AU,
AU,
AU,
AU,
AU,
AU,
AU,
AU,
AU,
AU,
AU,
AU,
AU,
AU,
AU,
CX,
AU,
AU,
AU,
AU,
AU,
AU,
AU,
AU,
AU,
AU,
AU,
AU,
AU,
AU,
AU,
AU,
AU,
AU,
AU,
AU,
AU,
AU,
AU,
AU,
AU,
AU,
AU,
AU,
AU,
AU,
AU,
AU,
AU,
AU,
AU,
AU,
AU,
AU,
AU,
AU,
AU,
AU,
AU,
AU,
AU,
AU,
AU,
AU,
AU,
AU,
AU,
AU,
AU,
AU,
AU,
AU,
AU,
AU,
AU,
AU,
AU,
AU,
AU,
AU,
AU,
AU,
AU,
AU,
AU,
AU,
AU,
AU,
AU,
AU,
AU,
AU,
AU,
AU,
AU,
AU,
AU,
AU,
AU,
AU,
AU,
AU,
AU,
AU,
AU,
AU,
AU,
AU,
AU,
AU,
AU,
AU,
AU,
AU,
AU,
AU,
AU,
AU,
AU,
AU,
AU,
AU,
AU,
NF,
AU,
AU,
AU,
AU,
AU,
AU,
AU,
AU,
AU,
AU,
AU,
AU,
AU,
AU,
AU,
AU,
AU,
AU,
AU,
AU,
AU,
AU,
AU,
AU,
AU,
AU,
AU,
AU,
AU,
AU,
AU,
AU,
AU,
AU,
AU,
AU,
AU,
AU,
AU,
TH,
AU,
AU,
AU,
AU,
AU,
AU,
AU,
AU,
AU,
AU,
AU,
AU,
AU,
AU,
AU,
AU,
AU,
AU,
AU,
AU,
AU,
AU,
AU,
AU,
AU,
AU,
AU,
AU,
AU,
AU,
AU,
AU,
AU,
AU,
AU,
AU,
AU,
AU,
AU,
AU,
AU,
AU,
AU,
AU,
AU,
AU,
AU,
AU,
AU,
AU,
AU,
AU,
AU,
AU,
AU,
AU,
AU,
AU,
AU,
AU,
AU,
AU,
AU,
AU,
AU,
AU,
AU,
AU,
AU,
AU,
AU,
AU,
AU,
AU,
AU,
AU,
AU,
AU,
AU,
AU,
AU,
AU,
AU,
AU,
AU,
AU,
AU,
AU,
AU,
AU,
AU,
AU,
AU,
AU,
AU,
AU,
AU,
AU,
AU,
AU,
AU,
AU,
AU,
AU,
AU,
AU,
AU,
AU,
AU,
AU,
AU,
AU,
AU,
AU,
AU,
AU,
AU,
AU,
AU,
AU,
AU,
AU,
AU,
AU,
AU,
AU,
AU,
AU,
AU,
AU,
AU,
AU,
AU,
AU,
AU,
AU,
AU,
AU,
AU,
AU,
AU,
AU,
AU,
AU,
AU,
AU,
AU,
AU,
AU,
AU,
AU,
AU,
AU,
AU,
AU,
AU,
AQ,
AU,
AU,
AU,
AU,
AU,
AU,
AU,
AU,
AU,
AU,
AU,
AU,
AU,
AU,
AU,
AU,
AU,
AU,
AU,
AU,
AU,
AU,
AU,
AU,
AU,
AU,
AU,
AU,
AU,
AU,
AU,
AU,
AU,
AU,
AU,
AU,
AU,
AU,
AU,
AU,
AU,
AU,
AU,
AU,
AU,
AU,
AU,
AU,
AU,
AU,
AU,
AU,
AU,
AU,
AU,
AU,
AU,
AU,
AU,
AU,
AU,
AU,
AU,
AU,
AU,
AU,
AU,
AU,
AU,
AU,
AU,
AU,
AU,
AU,
AU,
AU,
AU,
AU,
AU,
AU,
AU,
AU,
AU,
AU,
AU,
AU,
AU,
AU,
AU,
AU,
AU,
AU,
AU,
AU,
AU,
AU,
AU,
AU,
KW,
PY,
CN,
CN,
CN,
CN,
CN,
CN,
CN,
CN,
CN,
CN,
CN,
CN,
CN,
CN,
CN,
CN,
CN,
CN,
CN,
CN,
CN,
CN,
CN,
CN,
CN,
CN,
CN,
CN,
CN,
CN,
CN,
CN,
CN,
CN,
CN,
CN,
CN,
CN,
CN,
CN,
CN,
CN,
CN,
CN,
CN,
CN,
CN,
CN,
CN,
CN,
CN,
CN,
CN,
CN,
CN,
CN,
CN,
CN,
CN,
CN,
CN,
CN,
CN,
CN,
CN,
CN,
CN,
CN,
CN,
CN,
CN,
CN,
CN,
CN,
CN,
CN,
CN,
KP,
KP,
KP,
KP,
CN,
CN,
CN,
CN,
CN,
CN,
CN,
CN,
CN,
CN,
CN,
CN,
CN,
CN,
CN,
CN,
CN,
CN,
CN,
CN,
CN,
MN,
MN,
MN,
MN,
MN,
MN,
MN,
MN,
MN,
MN,
MN,
MN,
MN,
MN,
MN,
MN,
MN,
MN,
MN,
MN,
MN,
CN,
CN,
CN,
CN,
CN,
CN,
CN,
CN,
CN,
CN,
CN,
CN,
CN,
CN,
CN,
CN,
CN,
CN,
CN,
CN,
CN,
CN,
CN,
CN,
CN,
CN,
CN,
CN,
CN,
CN,
CN,
CN,
CN,
CN,
CN,
CN,
CN,
CN,
CN,
CN,
CN,
CN,
CN,
CN,
CN,
CN,
CN,
CN,
CN,
CN,
CN,
CN,
CN,
CN,
CN,
CN,
CN,
CN,
CN,
CN,
CN,
CN,
CN,
CN,
CN,
CN,
CN,
CN,
CN,
CN,
CN,
CN,
CN,
CN,
CN,
CN,
CN,
CN,
CN,
CN,
CN,
CN,
CN,
CN,
CN,
CN,
CN,
CN,
CN,
CN,
CN,
CN,
CN,
CN,
CN,
CN,
CN,
CN,
CN,
CN,
CN,
CN,
CN,
CN,
CN,
CN,
CN,
CN,
CN,
CN,
CN,
CN,
CN,
CN,
CN,
CN,
CN,
CN,
CN,
CN,
CN,
CN,
CN,
CN,
CN,
CN,
CN,
CN,
CN,
CN,
CN,
CN,
CN,
CN,
CN,
CN,
CN,
CN,
CN,
CN,
CN,
CN,
CN,
CN,
CN,
AE,
CN,
CN,
CN,
CN,
TZ,TZ-0146
AZ,
CN,
FR,
MV,
GB,EG78
CN,
CN,
CN,